2026-04-20 15:39:49,958 INFO ============================================================
2026-04-20 15:39:49,958 INFO Training session started at 2026-04-20T15:39:49
2026-04-20 15:39:49,958 INFO HF_MODEL_ID=google/gemma-3-27b-it  MAX_STEPS=2000  LR=0.0002
2026-04-20 15:39:49,958 INFO ============================================================
2026-04-20 15:39:49,958 INFO VERIDICT — SEQUENTIAL GRPO QLORA TRAINING
2026-04-20 15:39:49,958 INFO Base model: google/gemma-3-27b-it
2026-04-20 15:39:49,958 INFO MAX_STEPS:  2000
2026-04-20 15:39:49,959 INFO ============================================================
2026-04-20 15:39:49,959 INFO Running preflight checks...
2026-04-20 15:39:52,176 INFO Preflight OK.
2026-04-20 15:39:52,176 INFO GPU: NVIDIA RTX 4000 Ada Generation  (21.5 GB VRAM)
2026-04-20 15:39:52,176 INFO Loading tokenizer once (shared across all three models)...
2026-04-20 15:39:53,852 INFO Tokenizer loaded. Vocab size: 262144
2026-04-20 15:39:53,852 INFO Loading and preparing all three datasets...
2026-04-20 15:39:54,852 INFO [Harvey] 9,992 training examples
2026-04-20 15:39:56,032 INFO [Kira] 4,000 training examples
2026-04-20 15:39:57,217 INFO [Admin] 8,002 training examples  (natural=2, harvey-primary~4000, kira-primary~4000)
2026-04-20 15:40:36,422 INFO ############################################################
2026-04-20 15:40:36,422 INFO   TRAINING: HARVEY  (num_generations=4)
2026-04-20 15:40:36,422 INFO   Examples: 9,992
2026-04-20 15:40:36,422 INFO   Output:   C:\Users\hac23\PycharmProjects\Veridict\outputs\harvey_adapter
2026-04-20 15:40:36,422 INFO ############################################################
2026-04-20 15:40:36,424 INFO   Loading google/gemma-3-27b-it in 4-bit NF4 ...
2026-04-20 15:40:37,008 ERROR Downloading (incomplete total...): 0.00B [00:00, ?B/s]
2026-04-20 15:40:37,015 ERROR Fetching 12 files:   0%|                                                                        | 0/12 [00:00<?, ?it/s]
2026-04-20 15:40:37,015 ERROR [A
2026-04-20 15:40:37,329 ERROR Downloading (incomplete total...):   0%|                                                   | 0.00/4.85G [00:00<?, ?B/s]
2026-04-20 15:40:37,419 ERROR Downloading (incomplete total...):   0%|                                                   | 0.00/9.81G [00:00<?, ?B/s]
2026-04-20 15:40:37,419 ERROR Downloading (incomplete total...):   0%|                                                   | 0.00/24.7G [00:00<?, ?B/s]
2026-04-20 15:40:37,420 ERROR Downloading (incomplete total...):   0%|                                                   | 0.00/29.6G [00:00<?, ?B/s]
2026-04-20 15:40:37,420 ERROR Downloading (incomplete total...):   0%|                                                   | 0.00/29.6G [00:00<?, ?B/s]
2026-04-20 15:40:37,420 ERROR Downloading (incomplete total...):   0%|                                                   | 0.00/29.6G [00:00<?, ?B/s]
2026-04-20 15:40:37,431 ERROR Downloading (incomplete total...):   0%|                                                   | 0.00/34.6G [00:00<?, ?B/s]
2026-04-20 15:40:37,449 ERROR Downloading (incomplete total...):   0%|                                                   | 0.00/39.5G [00:00<?, ?B/s]
2026-04-20 15:40:37,548 ERROR Downloading (incomplete total...):   0%|                                                   | 0.00/39.5G [00:00<?, ?B/s]
2026-04-20 15:40:37,659 ERROR Downloading (incomplete total...):   0%|                                                   | 0.00/39.5G [00:00<?, ?B/s]
2026-04-20 15:40:37,836 ERROR Downloading (incomplete total...):   0%|                                                   | 0.00/39.5G [00:00<?, ?B/s]
2026-04-20 15:40:37,836 ERROR Downloading (incomplete total...):   0%|                                                   | 0.00/39.5G [00:00<?, ?B/s]
2026-04-20 15:40:37,836 ERROR Downloading (incomplete total...):   0%|                                                   | 0.00/39.5G [00:00<?, ?B/s]
2026-04-20 15:40:37,836 ERROR Downloading (incomplete total...):   0%|                                                   | 0.00/39.5G [00:00<?, ?B/s]
2026-04-20 15:40:37,837 ERROR Downloading (incomplete total...):   0%|                                                   | 0.00/39.5G [00:00<?, ?B/s]
2026-04-20 15:40:37,837 ERROR Downloading (incomplete total...):   0%|                                                   | 0.00/39.5G [00:00<?, ?B/s]
2026-04-20 15:40:37,949 ERROR Downloading (incomplete total...):   0%|                                                   | 0.00/39.5G [00:00<?, ?B/s]
2026-04-20 15:40:38,061 ERROR Downloading (incomplete total...):   0%|                                                   | 0.00/39.5G [00:01<?, ?B/s]
2026-04-20 15:40:38,236 ERROR Downloading (incomplete total...):   0%|                                                   | 0.00/39.5G [00:01<?, ?B/s]
2026-04-20 15:40:38,236 ERROR Downloading (incomplete total...):   0%|                                                   | 0.00/39.5G [00:01<?, ?B/s]
2026-04-20 15:40:38,237 ERROR Downloading (incomplete total...):   0%|                                                   | 0.00/39.5G [00:01<?, ?B/s]
2026-04-20 15:40:38,237 ERROR Downloading (incomplete total...):   0%|                                                   | 0.00/39.5G [00:01<?, ?B/s]
2026-04-20 15:40:38,237 ERROR Downloading (incomplete total...):   0%|                                                   | 0.00/39.5G [00:01<?, ?B/s]
2026-04-20 15:40:38,237 ERROR Downloading (incomplete total...):   0%|                                                   | 0.00/39.5G [00:01<?, ?B/s]
2026-04-20 15:40:38,426 ERROR Downloading (incomplete total...):   0%|                                                   | 0.00/39.5G [00:01<?, ?B/s]
2026-04-20 15:40:38,427 ERROR Downloading (incomplete total...):   0%|                                                   | 0.00/39.5G [00:01<?, ?B/s]
2026-04-20 15:40:38,427 ERROR Downloading (incomplete total...):   0%|                                                   | 0.00/39.5G [00:01<?, ?B/s]
2026-04-20 15:40:38,427 ERROR Downloading (incomplete total...):   0%|                                                   | 0.00/39.5G [00:01<?, ?B/s]
2026-04-20 15:40:38,427 ERROR Downloading (incomplete total...):   0%|                                                   | 0.00/39.5G [00:01<?, ?B/s]
2026-04-20 15:40:38,537 ERROR Downloading (incomplete total...):   0%|                                                   | 0.00/39.5G [00:01<?, ?B/s]
2026-04-20 15:40:38,664 ERROR Downloading (incomplete total...):   0%|                                                   | 0.00/39.5G [00:01<?, ?B/s]
2026-04-20 15:40:38,824 ERROR Downloading (incomplete total...):   0%|                                                   | 0.00/39.5G [00:01<?, ?B/s]
2026-04-20 15:40:38,825 ERROR Downloading (incomplete total...):   0%|                                                   | 0.00/39.5G [00:01<?, ?B/s]
2026-04-20 15:40:38,825 ERROR Downloading (incomplete total...):   0%|                                                   | 0.00/39.5G [00:01<?, ?B/s]
2026-04-20 15:40:38,825 ERROR Downloading (incomplete total...):   0%|                                                   | 0.00/39.5G [00:01<?, ?B/s]
2026-04-20 15:40:38,825 ERROR Downloading (incomplete total...):   0%|                                                   | 0.00/39.5G [00:01<?, ?B/s]
2026-04-20 15:40:38,937 ERROR Downloading (incomplete total...):   0%|                                                   | 0.00/39.5G [00:01<?, ?B/s]
2026-04-20 15:40:39,055 ERROR Downloading (incomplete total...):   0%|                                                   | 0.00/39.5G [00:02<?, ?B/s]
2026-04-20 15:40:39,222 ERROR Downloading (incomplete total...):   0%|                                                   | 0.00/39.5G [00:02<?, ?B/s]
2026-04-20 15:40:39,222 ERROR Downloading (incomplete total...):   0%|                                                   | 0.00/39.5G [00:02<?, ?B/s]
2026-04-20 15:40:39,222 ERROR Downloading (incomplete total...):   0%|                                                   | 0.00/39.5G [00:02<?, ?B/s]
2026-04-20 15:40:39,222 ERROR Downloading (incomplete total...):   0%|                                                   | 0.00/39.5G [00:02<?, ?B/s]
2026-04-20 15:40:39,223 ERROR Downloading (incomplete total...):   0%|                                                   | 0.00/39.5G [00:02<?, ?B/s]
2026-04-20 15:40:39,334 ERROR Downloading (incomplete total...):   0%|                                                   | 0.00/39.5G [00:02<?, ?B/s]
2026-04-20 15:40:39,451 ERROR Downloading (incomplete total...):   0%|                                                   | 0.00/39.5G [00:02<?, ?B/s]
2026-04-20 15:40:39,621 ERROR Downloading (incomplete total...):   0%|                                                   | 0.00/39.5G [00:02<?, ?B/s]
2026-04-20 15:40:39,621 ERROR Downloading (incomplete total...):   0%|                                                   | 0.00/39.5G [00:02<?, ?B/s]
2026-04-20 15:40:39,734 ERROR Downloading (incomplete total...):   0%|                                                   | 0.00/39.5G [00:02<?, ?B/s]
2026-04-20 15:40:39,851 ERROR Downloading (incomplete total...):   0%|                                                   | 0.00/39.5G [00:02<?, ?B/s]
2026-04-20 15:40:40,021 ERROR Downloading (incomplete total...):   0%|                                                   | 0.00/39.5G [00:03<?, ?B/s]
2026-04-20 15:40:40,021 ERROR Downloading (incomplete total...):   0%|                                                   | 0.00/39.5G [00:03<?, ?B/s]
2026-04-20 15:40:40,134 ERROR Downloading (incomplete total...):   0%|                                                   | 0.00/39.5G [00:03<?, ?B/s]
2026-04-20 15:40:40,251 ERROR Downloading (incomplete total...):   0%|                                          | 8.27M/39.5G [00:03<09:18, 70.8MB/s]
2026-04-20 15:40:42,232 ERROR Downloading (incomplete total...):   0%|                                          | 75.4M/39.5G [00:05<18:36, 35.3MB/s]
2026-04-20 15:40:48,222 ERROR Downloading (incomplete total...):   0%|1                                          | 142M/39.5G [00:11<41:19, 15.9MB/s]
2026-04-20 15:40:48,222 ERROR Downloading (incomplete total...):   0%|1                                          | 142M/39.5G [00:11<49:04, 13.4MB/s]
2026-04-20 15:40:49,051 ERROR Downloading (incomplete total...):   1%|3                                          | 335M/39.5G [00:12<19:00, 34.4MB/s]
2026-04-20 15:40:50,021 ERROR Downloading (incomplete total...):   1%|4                                          | 402M/39.5G [00:13<16:39, 39.2MB/s]
2026-04-20 15:40:50,334 ERROR Downloading (incomplete total...):   1%|5                                          | 469M/39.5G [00:13<13:07, 49.6MB/s]
2026-04-20 15:40:50,832 ERROR Downloading (incomplete total...):   1%|5                                          | 537M/39.5G [00:13<10:52, 59.8MB/s]
2026-04-20 15:40:51,451 ERROR Downloading (incomplete total...):   2%|7                                          | 671M/39.5G [00:14<07:25, 87.3MB/s]
2026-04-20 15:40:53,023 ERROR Downloading (incomplete total...):   2%|8                                          | 738M/39.5G [00:16<09:14, 70.0MB/s]
2026-04-20 15:40:53,023 ERROR Downloading (incomplete total...):   2%|8                                          | 738M/39.5G [00:16<10:44, 60.2MB/s]
2026-04-20 15:40:54,022 ERROR Downloading (incomplete total...):   2%|8                                          | 805M/39.5G [00:17<10:25, 61.9MB/s]
2026-04-20 15:40:54,022 ERROR Downloading (incomplete total...):   2%|8                                          | 805M/39.5G [00:17<10:02, 64.3MB/s]
2026-04-20 15:40:54,023 ERROR Downloading (incomplete total...):   2%|8                                          | 805M/39.5G [00:17<10:02, 64.3MB/s]
2026-04-20 15:40:57,432 ERROR Downloading (incomplete total...):   2%|9                                          | 872M/39.5G [00:20<16:33, 38.9MB/s]
2026-04-20 15:41:00,651 ERROR Downloading (incomplete total...):   2%|#                                          | 939M/39.5G [00:23<20:42, 31.1MB/s]
2026-04-20 15:41:06,232 ERROR Downloading (incomplete total...):   3%|#                                         | 1.01G/39.5G [00:29<30:18, 21.2MB/s]
2026-04-20 15:41:06,622 ERROR Downloading (incomplete total...):   3%|#1                                        | 1.07G/39.5G [00:29<22:24, 28.6MB/s]
2026-04-20 15:41:07,622 ERROR Downloading (incomplete total...):   3%|#2                                        | 1.14G/39.5G [00:30<18:33, 34.5MB/s]
2026-04-20 15:41:14,051 ERROR Downloading (incomplete total...):   3%|#3                                        | 1.27G/39.5G [00:37<24:02, 26.5MB/s]
2026-04-20 15:41:17,651 ERROR Downloading (incomplete total...):   4%|#4                                        | 1.41G/39.5G [00:40<21:13, 29.9MB/s]
2026-04-20 15:41:17,851 ERROR Downloading (incomplete total...):   4%|#6                                        | 1.54G/39.5G [00:40<13:50, 45.7MB/s]
2026-04-20 15:41:19,032 ERROR Downloading (incomplete total...):   4%|#7                                        | 1.61G/39.5G [00:42<13:16, 47.6MB/s]
2026-04-20 15:41:19,232 ERROR Downloading (incomplete total...):   4%|#7                                        | 1.68G/39.5G [00:42<10:40, 59.1MB/s]
2026-04-20 15:41:20,632 ERROR Downloading (incomplete total...):   4%|#8                                        | 1.74G/39.5G [00:43<11:15, 55.9MB/s]
2026-04-20 15:41:21,821 ERROR Downloading (incomplete total...):   5%|##                                        | 1.94G/39.5G [00:44<07:21, 85.1MB/s]
2026-04-20 15:41:21,821 ERROR Downloading (incomplete total...):   5%|##1                                        | 1.94G/39.5G [00:44<05:49, 108MB/s]
2026-04-20 15:41:22,134 ERROR Downloading (incomplete total...):   5%|##2                                        | 2.08G/39.5G [00:45<04:33, 137MB/s]
2026-04-20 15:41:22,334 ERROR Downloading (incomplete total...):   5%|##3                                        | 2.15G/39.5G [00:45<04:05, 152MB/s]
2026-04-20 15:41:24,022 ERROR Downloading (incomplete total...):   6%|##6                                        | 2.48G/39.5G [00:47<03:32, 175MB/s]
2026-04-20 15:41:24,022 ERROR Downloading (incomplete total...):   6%|##6                                        | 2.48G/39.5G [00:47<03:20, 184MB/s]
2026-04-20 15:41:24,221 ERROR Downloading (incomplete total...):   7%|##8                                        | 2.62G/39.5G [00:47<02:50, 216MB/s]
2026-04-20 15:41:24,222 ERROR Downloading (incomplete total...):   7%|##8                                        | 2.62G/39.5G [00:47<02:25, 254MB/s]
2026-04-20 15:41:24,334 ERROR Downloading (incomplete total...):   7%|##9                                        | 2.75G/39.5G [00:47<01:57, 314MB/s]
2026-04-20 15:41:25,221 ERROR Downloading (incomplete total...):   8%|###2                                       | 3.02G/39.5G [00:48<01:58, 309MB/s]
2026-04-20 15:41:25,222 ERROR Downloading (incomplete total...):   8%|###2                                       | 3.02G/39.5G [00:48<01:59, 307MB/s]
2026-04-20 15:41:25,334 ERROR Downloading (incomplete total...):   8%|###3                                       | 3.09G/39.5G [00:48<01:52, 325MB/s]
2026-04-20 15:41:25,734 ERROR Downloading (incomplete total...):   8%|###4                                       | 3.15G/39.5G [00:48<02:06, 287MB/s]
2026-04-20 15:41:26,422 ERROR Downloading (incomplete total...):   8%|###5                                       | 3.29G/39.5G [00:49<02:23, 252MB/s]
2026-04-20 15:41:28,221 ERROR Downloading (incomplete total...):   8%|###6                                       | 3.35G/39.5G [00:51<04:45, 127MB/s]
2026-04-20 15:41:28,621 ERROR Downloading (incomplete total...):   9%|###7                                       | 3.42G/39.5G [00:51<04:30, 133MB/s]
2026-04-20 15:41:28,622 ERROR Downloading (incomplete total...):   9%|###7                                       | 3.42G/39.5G [00:51<04:18, 140MB/s]
2026-04-20 15:41:28,832 ERROR Downloading (incomplete total...):   9%|###8                                       | 3.55G/39.5G [00:51<03:00, 200MB/s]
2026-04-20 15:41:28,934 ERROR Downloading (incomplete total...):   9%|####                                       | 3.69G/39.5G [00:51<02:05, 286MB/s]
2026-04-20 15:41:30,623 ERROR Downloading (incomplete total...):  10%|####1                                      | 3.82G/39.5G [00:53<03:54, 152MB/s]
2026-04-20 15:41:32,221 ERROR Downloading (incomplete total...):  10%|####2                                      | 3.89G/39.5G [00:55<05:53, 101MB/s]
2026-04-20 15:41:32,222 ERROR Downloading (incomplete total...):  10%|####1                                     | 3.89G/39.5G [00:55<07:40, 77.4MB/s]
2026-04-20 15:41:33,632 ERROR Downloading (incomplete total...):  10%|####2                                     | 3.96G/39.5G [00:56<08:48, 67.4MB/s]
2026-04-20 15:41:34,421 ERROR Downloading (incomplete total...):  10%|####3                                     | 4.09G/39.5G [00:57<06:38, 89.0MB/s]
2026-04-20 15:41:34,535 ERROR Downloading (incomplete total...):  11%|####6                                      | 4.29G/39.5G [00:57<03:41, 159MB/s]
2026-04-20 15:41:35,134 ERROR Downloading (incomplete total...):  11%|####7                                      | 4.36G/39.5G [00:58<03:58, 148MB/s]
2026-04-20 15:41:35,334 ERROR Downloading (incomplete total...):  11%|####8                                      | 4.43G/39.5G [00:58<03:30, 167MB/s]
2026-04-20 15:41:37,334 ERROR Downloading (incomplete total...):  12%|####9                                      | 4.56G/39.5G [01:00<05:24, 108MB/s]
2026-04-20 15:41:37,535 ERROR Downloading (incomplete total...):  12%|#####1                                     | 4.69G/39.5G [01:00<03:49, 152MB/s]
2026-04-20 15:41:38,422 ERROR Downloading (incomplete total...):  12%|#####3                                     | 4.90G/39.5G [01:01<03:16, 177MB/s]
2026-04-20 15:41:38,534 ERROR Downloading (incomplete total...):  13%|#####3                                     | 4.96G/39.5G [01:01<02:52, 200MB/s]
2026-04-20 15:41:39,822 ERROR Downloading (incomplete total...):  13%|#####5                                     | 5.10G/39.5G [01:02<03:43, 154MB/s]
2026-04-20 15:41:39,823 ERROR Downloading (incomplete total...):  13%|#####5                                     | 5.10G/39.5G [01:02<04:17, 134MB/s]
2026-04-20 15:41:40,222 ERROR Downloading (incomplete total...):  13%|#####6                                     | 5.16G/39.5G [01:03<04:07, 139MB/s]
2026-04-20 15:41:41,134 ERROR Downloading (incomplete total...):  13%|#####7                                     | 5.25G/39.5G [01:04<04:37, 124MB/s]
2026-04-20 15:41:47,222 ERROR Downloading (incomplete total...):  13%|#####6                                    | 5.32G/39.5G [01:10<14:59, 38.0MB/s]
2026-04-20 15:41:47,821 ERROR Downloading (incomplete total...):  14%|#####7                                    | 5.45G/39.5G [01:10<10:08, 56.0MB/s]
2026-04-20 15:41:47,822 ERROR Downloading (incomplete total...):  14%|#####7                                    | 5.45G/39.5G [01:10<07:26, 76.3MB/s]
2026-04-20 15:41:50,222 ERROR Downloading (incomplete total...):  14%|#####8                                    | 5.52G/39.5G [01:13<10:02, 56.5MB/s]
2026-04-20 15:41:51,651 ERROR Downloading (incomplete total...):  14%|#####9                                    | 5.58G/39.5G [01:14<10:28, 54.0MB/s]
2026-04-20 15:41:52,534 ERROR Downloading (incomplete total...):  14%|#####9                                    | 5.63G/39.5G [01:15<10:24, 54.3MB/s]
2026-04-20 15:41:53,223 ERROR Downloading (incomplete total...):  14%|######                                    | 5.70G/39.5G [01:16<09:08, 61.7MB/s]
2026-04-20 15:41:53,223 ERROR Downloading (incomplete total...):  14%|######                                    | 5.70G/39.5G [01:16<08:12, 68.7MB/s]
2026-04-20 15:41:53,652 ERROR Downloading (incomplete total...):  15%|######4                                    | 5.90G/39.5G [01:16<04:22, 128MB/s]
2026-04-20 15:41:54,022 ERROR Downloading (incomplete total...):  16%|######7                                    | 6.24G/39.5G [01:17<02:13, 249MB/s]
2026-04-20 15:41:56,232 ERROR Downloading (incomplete total...):  16%|#######                                    | 6.51G/39.5G [01:19<03:07, 176MB/s]
2026-04-20 15:41:56,822 ERROR Downloading (incomplete total...):  17%|#######2                                   | 6.71G/39.5G [01:19<02:39, 206MB/s]
2026-04-20 15:41:57,422 ERROR Downloading (incomplete total...):  17%|#######5                                   | 6.91G/39.5G [01:20<02:20, 232MB/s]
2026-04-20 15:41:58,623 ERROR Downloading (incomplete total...):  18%|#######5                                   | 6.97G/39.5G [01:21<03:14, 167MB/s]
2026-04-20 15:41:58,623 ERROR Downloading (incomplete total...):  18%|#######5                                   | 6.97G/39.5G [01:21<04:13, 129MB/s]
2026-04-20 15:41:59,252 ERROR Downloading (incomplete total...):  18%|#######6                                   | 7.04G/39.5G [01:22<04:21, 124MB/s]
2026-04-20 15:42:01,822 ERROR Downloading (incomplete total...):  19%|########                                   | 7.44G/39.5G [01:24<03:46, 142MB/s]
2026-04-20 15:42:02,022 ERROR Downloading (incomplete total...):  19%|########1                                  | 7.51G/39.5G [01:25<03:29, 153MB/s]
2026-04-20 15:42:02,022 ERROR Downloading (incomplete total...):  19%|########1                                  | 7.51G/39.5G [01:25<03:12, 167MB/s]
2026-04-20 15:42:02,935 ERROR Downloading (incomplete total...):  19%|########3                                  | 7.65G/39.5G [01:25<03:19, 160MB/s]
2026-04-20 15:42:03,735 ERROR Downloading (incomplete total...):  20%|########3                                  | 7.71G/39.5G [01:26<03:50, 138MB/s]
2026-04-20 15:42:03,935 ERROR Downloading (incomplete total...):  20%|########5                                  | 7.85G/39.5G [01:26<02:48, 188MB/s]
2026-04-20 15:42:04,233 ERROR Downloading (incomplete total...):  20%|########6                                  | 7.98G/39.5G [01:27<02:16, 232MB/s]
2026-04-20 15:42:06,622 ERROR Downloading (incomplete total...):  21%|########8                                  | 8.11G/39.5G [01:29<04:29, 116MB/s]
2026-04-20 15:42:08,022 ERROR Downloading (incomplete total...):  21%|########6                                 | 8.18G/39.5G [01:31<05:40, 92.1MB/s]
2026-04-20 15:42:08,423 ERROR Downloading (incomplete total...):  21%|########9                                  | 8.25G/39.5G [01:31<05:07, 102MB/s]
2026-04-20 15:42:08,652 ERROR Downloading (incomplete total...):  21%|#########                                  | 8.32G/39.5G [01:31<04:21, 120MB/s]
2026-04-20 15:42:10,423 ERROR Downloading (incomplete total...):  22%|#########2                                 | 8.52G/39.5G [01:33<04:26, 117MB/s]
2026-04-20 15:42:10,423 ERROR Downloading (incomplete total...):  22%|#########2                                 | 8.52G/39.5G [01:33<04:29, 115MB/s]
2026-04-20 15:42:13,433 ERROR Downloading (incomplete total...):  22%|#########1                                | 8.58G/39.5G [01:36<07:33, 68.3MB/s]
2026-04-20 15:42:13,823 ERROR Downloading (incomplete total...):  22%|#########1                                | 8.65G/39.5G [01:36<06:40, 77.2MB/s]
2026-04-20 15:42:22,335 ERROR Downloading (incomplete total...):  22%|#########2                                | 8.72G/39.5G [01:45<19:11, 26.8MB/s]
2026-04-20 15:42:24,022 ERROR Downloading (incomplete total...):  22%|#########3                                | 8.79G/39.5G [01:47<17:40, 29.0MB/s]
2026-04-20 15:42:24,422 ERROR Downloading (incomplete total...):  22%|#########4                                | 8.85G/39.5G [01:47<13:58, 36.6MB/s]
2026-04-20 15:42:24,422 ERROR Downloading (incomplete total...):  22%|#########4                                | 8.85G/39.5G [01:47<11:05, 46.1MB/s]
2026-04-20 15:42:25,223 ERROR Downloading (incomplete total...):  23%|#########4                                | 8.91G/39.5G [01:48<10:13, 49.9MB/s]
2026-04-20 15:42:25,223 ERROR Downloading (incomplete total...):  23%|#########4                                | 8.91G/39.5G [01:48<08:58, 56.9MB/s]
2026-04-20 15:42:25,223 ERROR Downloading (incomplete total...):  23%|#########4                                | 8.91G/39.5G [01:48<08:58, 56.9MB/s]
2026-04-20 15:42:25,822 ERROR Downloading (incomplete total...):  23%|##########                                 | 9.24G/39.5G [01:48<03:18, 152MB/s]
2026-04-20 15:42:25,822 ERROR Downloading (incomplete total...):  23%|##########                                 | 9.24G/39.5G [01:48<02:06, 239MB/s]
2026-04-20 15:42:26,023 ERROR Downloading (incomplete total...):  24%|##########1                                | 9.31G/39.5G [01:49<02:01, 248MB/s]
2026-04-20 15:42:26,623 ERROR Downloading (incomplete total...):  24%|##########4                                | 9.58G/39.5G [01:49<01:38, 305MB/s]
2026-04-20 15:42:26,623 ERROR Downloading (incomplete total...):  24%|##########4                                | 9.58G/39.5G [01:49<01:19, 375MB/s]
2026-04-20 15:42:26,623 ERROR Downloading (incomplete total...):  24%|##########4                                | 9.58G/39.5G [01:49<01:19, 375MB/s]
2026-04-20 15:42:26,735 ERROR Downloading (incomplete total...):  25%|##########7                                | 9.85G/39.5G [01:49<00:57, 521MB/s]
2026-04-20 15:42:26,852 ERROR Downloading (incomplete total...):  26%|###########                                | 10.1G/39.5G [01:49<00:42, 693MB/s]
2026-04-20 15:42:32,033 ERROR Downloading (incomplete total...):  26%|###########1                               | 10.3G/39.5G [01:55<04:01, 121MB/s]
2026-04-20 15:42:33,222 ERROR Downloading (incomplete total...):  26%|###########3                               | 10.5G/39.5G [01:56<03:40, 132MB/s]
2026-04-20 15:42:34,335 ERROR Downloading (incomplete total...):  27%|###########5                               | 10.6G/39.5G [01:57<03:43, 129MB/s]
2026-04-20 15:42:36,423 ERROR Downloading (incomplete total...):  27%|###########7                               | 10.8G/39.5G [01:59<04:06, 117MB/s]
2026-04-20 15:42:36,423 ERROR Downloading (incomplete total...):  27%|###########7                               | 10.8G/39.5G [01:59<04:22, 110MB/s]
2026-04-20 15:42:38,252 ERROR Downloading (incomplete total...):  27%|###########5                              | 10.9G/39.5G [02:01<05:28, 87.3MB/s]
2026-04-20 15:42:39,033 ERROR Downloading (incomplete total...):  28%|###########6                              | 10.9G/39.5G [02:02<05:28, 87.1MB/s]
2026-04-20 15:42:41,222 ERROR Downloading (incomplete total...):  28%|###########6                              | 11.0G/39.5G [02:04<07:17, 65.3MB/s]
2026-04-20 15:42:41,622 ERROR Downloading (incomplete total...):  28%|###########7                              | 11.1G/39.5G [02:04<06:21, 74.7MB/s]
2026-04-20 15:42:42,935 ERROR Downloading (incomplete total...):  28%|###########9                              | 11.3G/39.5G [02:05<04:47, 98.2MB/s]
2026-04-20 15:42:44,433 ERROR Downloading (incomplete total...):  29%|############                              | 11.3G/39.5G [02:07<05:49, 80.7MB/s]
2026-04-20 15:42:51,852 ERROR Downloading (incomplete total...):  29%|############1                             | 11.5G/39.5G [02:14<12:40, 36.9MB/s]
2026-04-20 15:42:52,223 ERROR Downloading (incomplete total...):  29%|############3                             | 11.6G/39.5G [02:15<08:53, 52.3MB/s]
2026-04-20 15:42:52,423 ERROR Downloading (incomplete total...):  30%|#############                              | 12.0G/39.5G [02:15<03:46, 122MB/s]
2026-04-20 15:42:52,423 ERROR Downloading (incomplete total...):  30%|#############                              | 12.0G/39.5G [02:15<01:23, 328MB/s]
2026-04-20 15:42:52,424 ERROR Downloading (incomplete total...):  30%|#############                              | 12.0G/39.5G [02:15<01:23, 328MB/s]
2026-04-20 15:42:52,623 ERROR Downloading (incomplete total...):  31%|#############4                             | 12.3G/39.5G [02:15<01:01, 441MB/s]
2026-04-20 15:42:57,422 ERROR Downloading (incomplete total...):  32%|#############7                             | 12.6G/39.5G [02:20<02:53, 155MB/s]
2026-04-20 15:42:57,422 ERROR Downloading (incomplete total...):  32%|#############7                             | 12.6G/39.5G [02:20<04:18, 104MB/s]
2026-04-20 15:42:59,822 ERROR Downloading (incomplete total...):  33%|##############                             | 12.9G/39.5G [02:22<04:11, 106MB/s]
2026-04-20 15:42:59,822 ERROR Downloading (incomplete total...):  33%|##############                             | 12.9G/39.5G [02:22<04:07, 108MB/s]
2026-04-20 15:43:02,535 ERROR Downloading (incomplete total...):  33%|#############7                            | 12.9G/39.5G [02:25<05:24, 82.0MB/s]
2026-04-20 15:43:03,135 ERROR Downloading (incomplete total...):  33%|#############8                            | 13.1G/39.5G [02:26<04:39, 94.6MB/s]
2026-04-20 15:43:05,833 ERROR Downloading (incomplete total...):  33%|##############                            | 13.2G/39.5G [02:28<05:36, 78.3MB/s]
2026-04-20 15:43:06,652 ERROR Downloading (incomplete total...):  34%|##############1                           | 13.3G/39.5G [02:29<05:33, 78.8MB/s]
2026-04-20 15:43:08,433 ERROR Downloading (incomplete total...):  34%|##############1                           | 13.3G/39.5G [02:31<06:33, 66.5MB/s]
2026-04-20 15:43:08,622 ERROR Downloading (incomplete total...):  34%|##############2                           | 13.4G/39.5G [02:31<05:30, 79.0MB/s]
2026-04-20 15:43:10,422 ERROR Downloading (incomplete total...):  34%|##############3                           | 13.5G/39.5G [02:33<05:36, 77.3MB/s]
2026-04-20 15:43:10,622 ERROR Downloading (incomplete total...):  34%|##############4                           | 13.6G/39.5G [02:33<04:42, 91.6MB/s]
2026-04-20 15:43:10,622 ERROR Downloading (incomplete total...):  34%|##############8                            | 13.6G/39.5G [02:33<03:56, 109MB/s]
2026-04-20 15:43:12,335 ERROR Downloading (incomplete total...):  35%|##############5                           | 13.7G/39.5G [02:35<05:39, 76.2MB/s]
2026-04-20 15:43:13,022 ERROR Downloading (incomplete total...):  35%|##############6                           | 13.7G/39.5G [02:36<05:19, 80.8MB/s]
2026-04-20 15:43:17,935 ERROR Downloading (incomplete total...):  35%|##############6                           | 13.8G/39.5G [02:40<12:19, 34.8MB/s]
2026-04-20 15:43:18,052 ERROR Downloading (incomplete total...):  35%|##############8                           | 14.0G/39.5G [02:41<05:48, 73.2MB/s]
2026-04-20 15:43:19,052 ERROR Downloading (incomplete total...):  36%|###############4                           | 14.2G/39.5G [02:42<04:10, 101MB/s]
2026-04-20 15:43:19,222 ERROR Downloading (incomplete total...):  36%|###############6                           | 14.4G/39.5G [02:42<03:05, 136MB/s]
2026-04-20 15:43:19,223 ERROR Downloading (incomplete total...):  36%|###############6                           | 14.4G/39.5G [02:42<02:20, 179MB/s]
2026-04-20 15:43:20,833 ERROR Downloading (incomplete total...):  36%|###############6                           | 14.4G/39.5G [02:43<03:40, 114MB/s]
2026-04-20 15:43:21,033 ERROR Downloading (incomplete total...):  37%|###############7                           | 14.5G/39.5G [02:44<03:11, 131MB/s]
2026-04-20 15:43:24,135 ERROR Downloading (incomplete total...):  37%|###############4                          | 14.6G/39.5G [02:47<06:44, 61.8MB/s]
2026-04-20 15:43:31,652 ERROR Downloading (incomplete total...):  37%|###############6                          | 14.8G/39.5G [02:54<10:56, 37.8MB/s]
2026-04-20 15:43:31,852 ERROR Downloading (incomplete total...):  37%|###############7                          | 14.8G/39.5G [02:54<09:05, 45.3MB/s]
2026-04-20 15:43:35,256 ERROR Downloading (incomplete total...):  38%|###############8                          | 14.9G/39.5G [02:58<11:33, 35.5MB/s]
2026-04-20 15:43:47,175 ERROR Downloading (incomplete total...):  38%|###############8                          | 14.9G/39.5G [03:10<11:33, 35.5MB/s]
2026-04-20 15:44:57,033 ERROR Downloading (incomplete total...):  39%|################2                         | 15.3G/39.5G [04:20<57:00, 7.09MB/s]
2026-04-20 15:44:57,033 ERROR Downloading (incomplete total...):  39%|###############4                        | 15.3G/39.5G [04:20<1:14:22, 5.43MB/s]
2026-04-20 15:44:57,033 ERROR Downloading (incomplete total...):  39%|###############4                        | 15.3G/39.5G [04:20<1:14:22, 5.43MB/s]
2026-04-20 15:44:57,225 ERROR Downloading (incomplete total...):  40%|################6                         | 15.7G/39.5G [04:20<46:20, 8.58MB/s]
2026-04-20 15:44:57,225 ERROR Downloading (incomplete total...):  40%|################6                         | 15.7G/39.5G [04:20<20:28, 19.4MB/s]
2026-04-20 15:44:57,225 ERROR Downloading (incomplete total...):  40%|################6                         | 15.7G/39.5G [04:20<20:28, 19.4MB/s]
2026-04-20 15:44:57,425 ERROR Downloading (incomplete total...):  41%|#################                         | 16.0G/39.5G [04:20<14:33, 26.9MB/s]
2026-04-20 15:44:57,425 ERROR Downloading (incomplete total...):  41%|#################4                         | 16.0G/39.5G [04:20<03:50, 102MB/s]
2026-04-20 15:44:57,425 ERROR Downloading (incomplete total...):  41%|#################4                         | 16.0G/39.5G [04:20<03:50, 102MB/s]
2026-04-20 15:44:57,425 ERROR Downloading (incomplete total...):  41%|#################4                         | 16.0G/39.5G [04:20<03:50, 102MB/s]
2026-04-20 15:44:57,426 ERROR Downloading (incomplete total...):  41%|#################4                         | 16.0G/39.5G [04:20<03:50, 102MB/s]
2026-04-20 15:44:57,625 ERROR Downloading (incomplete total...):  41%|#################6                         | 16.2G/39.5G [04:20<03:07, 125MB/s]
2026-04-20 15:45:17,247 ERROR Downloading (incomplete total...):  41%|#################6                         | 16.2G/39.5G [04:40<03:07, 125MB/s]
2026-04-20 15:45:59,227 ERROR Downloading (incomplete total...):  42%|#################6                        | 16.6G/39.5G [05:22<23:20, 16.4MB/s]
2026-04-20 15:45:59,227 ERROR Downloading (incomplete total...):  42%|#################6                        | 16.6G/39.5G [05:22<47:55, 7.97MB/s]
2026-04-20 15:45:59,227 ERROR Downloading (incomplete total...):  42%|#################6                        | 16.6G/39.5G [05:22<47:55, 7.97MB/s]
2026-04-20 15:45:59,227 ERROR Downloading (incomplete total...):  42%|#################6                        | 16.6G/39.5G [05:22<47:55, 7.97MB/s]
2026-04-20 15:45:59,433 ERROR Downloading (incomplete total...):  42%|#################7                        | 16.7G/39.5G [05:22<44:29, 8.56MB/s]
2026-04-20 15:45:59,434 ERROR Downloading (incomplete total...):  42%|#################7                        | 16.7G/39.5G [05:22<40:31, 9.39MB/s]
2026-04-20 15:46:17,292 ERROR Downloading (incomplete total...):  42%|#################7                        | 16.7G/39.5G [05:40<40:31, 9.39MB/s]
2026-04-20 15:47:20,425 ERROR Downloading (incomplete total...):  42%|################9                       | 16.8G/39.5G [06:43<1:28:52, 4.27MB/s]
2026-04-20 15:47:20,426 ERROR Downloading (incomplete total...):  42%|################9                       | 16.8G/39.5G [06:43<3:14:57, 1.95MB/s]
2026-04-20 15:47:20,426 ERROR Downloading (incomplete total...):  42%|################9                       | 16.8G/39.5G [06:43<3:14:57, 1.95MB/s]
2026-04-20 15:47:20,625 ERROR Downloading (incomplete total...):  43%|#################3                      | 17.1G/39.5G [06:43<1:27:12, 4.29MB/s]
2026-04-20 15:47:20,626 ERROR Downloading (incomplete total...):  43%|##################1                       | 17.1G/39.5G [06:43<19:35, 19.1MB/s]
2026-04-20 15:47:20,626 ERROR Downloading (incomplete total...):  43%|##################1                       | 17.1G/39.5G [06:43<19:35, 19.1MB/s]
2026-04-20 15:47:20,626 ERROR Downloading (incomplete total...):  43%|##################1                       | 17.1G/39.5G [06:43<19:35, 19.1MB/s]
2026-04-20 15:47:37,359 ERROR Downloading (incomplete total...):  43%|##################2                       | 17.2G/39.5G [07:00<19:32, 19.1MB/s]
2026-04-20 15:47:37,433 ERROR Downloading (incomplete total...):  43%|##################2                       | 17.2G/39.5G [07:00<26:20, 14.2MB/s]
2026-04-20 15:47:37,433 ERROR Downloading (incomplete total...):  43%|##################2                       | 17.2G/39.5G [07:00<59:24, 6.28MB/s]
2026-04-20 15:47:37,433 ERROR Downloading (incomplete total...):  43%|##################2                       | 17.2G/39.5G [07:00<59:24, 6.28MB/s]
2026-04-20 15:47:37,433 ERROR Downloading (incomplete total...):  43%|##################2                       | 17.2G/39.5G [07:00<59:24, 6.28MB/s]
2026-04-20 15:47:37,433 ERROR Downloading (incomplete total...):  43%|##################2                       | 17.2G/39.5G [07:00<59:24, 6.28MB/s]
2026-04-20 15:47:57,373 ERROR Downloading (incomplete total...):  43%|##################2                       | 17.2G/39.5G [07:20<59:24, 6.28MB/s]
2026-04-20 15:52:00,229 ERROR Downloading (incomplete total...):  44%|#################4                      | 17.2G/39.5G [11:23<6:03:09, 1.02MB/s]
2026-04-20 15:52:17,619 ERROR Downloading (incomplete total...):  44%|#################4                      | 17.2G/39.5G [11:40<6:03:09, 1.02MB/s]
2026-04-20 15:53:24,029 ERROR Downloading (incomplete total...):  44%|#################5                      | 17.4G/39.5G [12:47<5:11:03, 1.19MB/s]
2026-04-20 15:53:24,029 ERROR Downloading (incomplete total...):  44%|#################5                      | 17.4G/39.5G [12:47<4:06:40, 1.50MB/s]
2026-04-20 15:53:24,029 ERROR Downloading (incomplete total...):  44%|#################5                      | 17.4G/39.5G [12:47<4:06:40, 1.50MB/s]
2026-04-20 15:53:24,029 ERROR Downloading (incomplete total...):  44%|#################5                      | 17.4G/39.5G [12:47<4:06:40, 1.50MB/s]
2026-04-20 15:53:24,029 ERROR Downloading (incomplete total...):  44%|#################5                      | 17.4G/39.5G [12:47<4:06:40, 1.50MB/s]
2026-04-20 15:53:37,682 ERROR Downloading (incomplete total...):  44%|#################5                      | 17.4G/39.5G [13:00<4:06:40, 1.50MB/s]
2026-04-20 15:54:36,234 ERROR Downloading (incomplete total...):  45%|#################9                      | 17.7G/39.5G [13:59<2:35:37, 2.34MB/s]
2026-04-20 15:54:36,234 ERROR Downloading (incomplete total...):  45%|#################9                      | 17.7G/39.5G [13:59<1:45:33, 3.45MB/s]
2026-04-20 15:54:36,234 ERROR Downloading (incomplete total...):  45%|#################9                      | 17.7G/39.5G [13:59<1:45:33, 3.45MB/s]
2026-04-20 15:54:36,429 ERROR Downloading (incomplete total...):  45%|#################9                      | 17.8G/39.5G [13:59<1:34:59, 3.82MB/s]
2026-04-20 15:54:47,727 ERROR Downloading (incomplete total...):  45%|##################                      | 17.8G/39.5G [14:10<1:34:42, 3.82MB/s]
2026-04-20 15:54:47,743 ERROR Downloading (incomplete total...):  45%|##################                      | 17.8G/39.5G [14:10<1:30:33, 3.99MB/s]
2026-04-20 15:54:57,429 ERROR Downloading (incomplete total...):  46%|##################2                     | 18.0G/39.5G [14:20<1:04:41, 5.54MB/s]
2026-04-20 15:54:57,429 ERROR Downloading (incomplete total...):  46%|###################1                      | 18.0G/39.5G [14:20<49:01, 7.31MB/s]
2026-04-20 15:54:57,638 ERROR Downloading (incomplete total...):  46%|###################3                      | 18.2G/39.5G [14:20<33:06, 10.7MB/s]
2026-04-20 15:54:57,639 ERROR Downloading (incomplete total...):  46%|###################3                      | 18.2G/39.5G [14:20<07:50, 45.3MB/s]
2026-04-20 15:54:57,639 ERROR Downloading (incomplete total...):  46%|###################3                      | 18.2G/39.5G [14:20<07:50, 45.3MB/s]
2026-04-20 15:54:57,639 ERROR Downloading (incomplete total...):  46%|###################3                      | 18.2G/39.5G [14:20<07:50, 45.3MB/s]
2026-04-20 15:54:57,639 ERROR Downloading (incomplete total...):  46%|###################3                      | 18.2G/39.5G [14:20<07:50, 45.3MB/s]
2026-04-20 15:55:07,755 ERROR Downloading (incomplete total...):  46%|###################3                      | 18.2G/39.5G [14:30<07:50, 45.3MB/s]
2026-04-20 15:55:11,231 ERROR Downloading (incomplete total...):  47%|###################7                      | 18.6G/39.5G [14:34<10:25, 33.5MB/s]
2026-04-20 15:55:11,232 ERROR Downloading (incomplete total...):  47%|###################7                      | 18.6G/39.5G [14:34<11:49, 29.5MB/s]
2026-04-20 15:55:15,741 ERROR Downloading (incomplete total...):  47%|###################9                      | 18.8G/39.5G [14:38<10:45, 32.2MB/s]
2026-04-20 15:55:15,945 ERROR Downloading (incomplete total...):  48%|####################3                     | 19.1G/39.5G [14:38<06:46, 50.2MB/s]
2026-04-20 15:55:27,774 ERROR Downloading (incomplete total...):  49%|####################3                     | 19.2G/39.5G [14:50<06:45, 50.2MB/s]
2026-04-20 15:55:27,829 ERROR Downloading (incomplete total...):  49%|####################3                     | 19.2G/39.5G [14:50<11:49, 28.7MB/s]
2026-04-20 15:55:27,830 ERROR Downloading (incomplete total...):  49%|####################3                     | 19.2G/39.5G [14:50<36:00, 9.43MB/s]
2026-04-20 15:55:27,830 ERROR Downloading (incomplete total...):  49%|####################3                     | 19.2G/39.5G [14:50<36:00, 9.43MB/s]
2026-04-20 15:55:27,830 ERROR Downloading (incomplete total...):  49%|####################3                     | 19.2G/39.5G [14:50<36:00, 9.43MB/s]
2026-04-20 15:55:27,830 ERROR Downloading (incomplete total...):  49%|####################3                     | 19.2G/39.5G [14:50<36:00, 9.43MB/s]
2026-04-20 15:55:37,634 ERROR Downloading (incomplete total...):  49%|####################5                     | 19.4G/39.5G [15:00<26:48, 12.5MB/s]
2026-04-20 15:55:37,634 ERROR Downloading (incomplete total...):  49%|####################5                     | 19.4G/39.5G [15:00<22:40, 14.8MB/s]
2026-04-20 15:55:37,838 ERROR Downloading (incomplete total...):  50%|####################8                     | 19.6G/39.5G [15:00<14:27, 23.0MB/s]
2026-04-20 15:55:37,838 ERROR Downloading (incomplete total...):  50%|####################8                     | 19.6G/39.5G [15:00<06:36, 50.4MB/s]
2026-04-20 15:55:37,838 ERROR Downloading (incomplete total...):  50%|####################8                     | 19.6G/39.5G [15:00<06:36, 50.4MB/s]
2026-04-20 15:55:57,794 ERROR Downloading (incomplete total...):  50%|####################8                     | 19.6G/39.5G [15:20<06:34, 50.4MB/s]
2026-04-20 15:55:57,835 ERROR Downloading (incomplete total...):  50%|####################8                     | 19.6G/39.5G [15:20<19:00, 17.4MB/s]
2026-04-20 15:55:57,835 ERROR Downloading (incomplete total...):  50%|####################8                     | 19.6G/39.5G [15:20<55:56, 5.93MB/s]
2026-04-20 15:55:57,835 ERROR Downloading (incomplete total...):  50%|####################8                     | 19.6G/39.5G [15:20<55:56, 5.93MB/s]
2026-04-20 15:55:57,836 ERROR Downloading (incomplete total...):  50%|####################8                     | 19.6G/39.5G [15:20<55:56, 5.93MB/s]
2026-04-20 15:56:08,642 ERROR Downloading (incomplete total...):  50%|####################9                     | 19.7G/39.5G [15:31<55:10, 5.99MB/s]
2026-04-20 15:56:08,642 ERROR Downloading (incomplete total...):  50%|####################9                     | 19.7G/39.5G [15:31<54:20, 6.08MB/s]
2026-04-20 15:56:08,642 ERROR Downloading (incomplete total...):  50%|####################9                     | 19.7G/39.5G [15:31<54:20, 6.08MB/s]
2026-04-20 15:56:20,231 ERROR Downloading (incomplete total...):  50%|#####################                     | 19.8G/39.5G [15:43<54:55, 6.00MB/s]
2026-04-20 15:56:20,231 ERROR Downloading (incomplete total...):  50%|#####################                     | 19.8G/39.5G [15:43<56:12, 5.86MB/s]
2026-04-20 15:56:20,232 ERROR Downloading (incomplete total...):  50%|#####################                     | 19.8G/39.5G [15:43<56:12, 5.86MB/s]
2026-04-20 15:56:20,232 ERROR Downloading (incomplete total...):  50%|#####################                     | 19.8G/39.5G [15:43<56:12, 5.86MB/s]
2026-04-20 15:56:22,143 ERROR Downloading (incomplete total...):  50%|#####################                     | 19.9G/39.5G [15:45<42:21, 7.75MB/s]
2026-04-20 15:56:37,827 ERROR Downloading (incomplete total...):  50%|#####################                     | 19.9G/39.5G [16:00<42:21, 7.75MB/s]
2026-04-20 15:56:51,272 ERROR Downloading (incomplete total...):  51%|#####################2                    | 20.1G/39.5G [16:14<44:45, 7.26MB/s]
2026-04-20 15:56:54,448 ERROR Downloading (incomplete total...):  51%|#####################5                    | 20.3G/39.5G [16:17<26:55, 11.9MB/s]
2026-04-20 15:56:54,644 ERROR Downloading (incomplete total...):  52%|#####################6                    | 20.4G/39.5G [16:17<18:56, 16.8MB/s]
2026-04-20 15:56:54,644 ERROR Downloading (incomplete total...):  52%|#####################6                    | 20.4G/39.5G [16:17<03:36, 88.6MB/s]
2026-04-20 15:56:54,644 ERROR Downloading (incomplete total...):  52%|#####################6                    | 20.4G/39.5G [16:17<03:36, 88.6MB/s]
2026-04-20 15:56:54,644 ERROR Downloading (incomplete total...):  52%|#####################6                    | 20.4G/39.5G [16:17<03:36, 88.6MB/s]
2026-04-20 15:56:54,644 ERROR Downloading (incomplete total...):  52%|#####################6                    | 20.4G/39.5G [16:17<03:36, 88.6MB/s]
2026-04-20 15:56:54,645 ERROR Downloading (incomplete total...):  52%|#####################6                    | 20.4G/39.5G [16:17<03:36, 88.6MB/s]
2026-04-20 15:57:07,836 ERROR Downloading (incomplete total...):  52%|#####################6                    | 20.4G/39.5G [16:30<03:36, 88.6MB/s]
2026-04-20 15:57:33,451 ERROR Downloading (incomplete total...):  52%|#####################7                    | 20.5G/39.5G [16:56<29:59, 10.6MB/s]
2026-04-20 15:57:38,845 ERROR Downloading (incomplete total...):  52%|#####################9                    | 20.7G/39.5G [17:01<24:39, 12.8MB/s]
2026-04-20 15:57:38,846 ERROR Downloading (incomplete total...):  52%|#####################9                    | 20.7G/39.5G [17:01<16:46, 18.8MB/s]
2026-04-20 15:57:38,846 ERROR Downloading (incomplete total...):  52%|#####################9                    | 20.7G/39.5G [17:01<16:46, 18.8MB/s]
2026-04-20 15:57:38,847 ERROR Downloading (incomplete total...):  52%|#####################9                    | 20.7G/39.5G [17:01<16:46, 18.8MB/s]
2026-04-20 15:57:57,059 ERROR Downloading (incomplete total...):  52%|######################                    | 20.7G/39.5G [17:20<28:47, 10.9MB/s]
2026-04-20 15:58:07,883 ERROR Downloading (incomplete total...):  52%|######################                    | 20.7G/39.5G [17:30<28:47, 10.9MB/s]
2026-04-20 15:58:26,430 ERROR Downloading (incomplete total...):  53%|######################                    | 20.8G/39.5G [17:49<50:27, 6.19MB/s]
2026-04-20 15:58:26,635 ERROR Downloading (incomplete total...):  53%|######################1                   | 20.9G/39.5G [17:49<39:15, 7.93MB/s]
2026-04-20 15:58:26,635 ERROR Downloading (incomplete total...):  53%|######################1                   | 20.9G/39.5G [17:49<22:32, 13.8MB/s]
2026-04-20 15:58:26,635 ERROR Downloading (incomplete total...):  53%|######################1                   | 20.9G/39.5G [17:49<22:32, 13.8MB/s]
2026-04-20 15:58:37,906 ERROR Downloading (incomplete total...):  53%|######################1                   | 20.9G/39.5G [18:00<22:32, 13.8MB/s]
2026-04-20 15:58:39,034 ERROR Downloading (incomplete total...):  53%|######################2                   | 20.9G/39.5G [18:02<31:49, 9.75MB/s]
2026-04-20 15:58:39,034 ERROR Downloading (incomplete total...):  53%|######################2                   | 20.9G/39.5G [18:02<47:57, 6.47MB/s]
2026-04-20 15:58:39,034 ERROR Downloading (incomplete total...):  53%|######################2                   | 20.9G/39.5G [18:02<47:57, 6.47MB/s]
2026-04-20 15:58:39,035 ERROR Downloading (incomplete total...):  53%|######################2                   | 20.9G/39.5G [18:02<47:57, 6.47MB/s]
2026-04-20 15:58:39,234 ERROR Downloading (incomplete total...):  54%|######################6                   | 21.3G/39.5G [18:02<13:37, 22.3MB/s]
2026-04-20 15:58:39,234 ERROR Downloading (incomplete total...):  54%|######################6                   | 21.3G/39.5G [18:02<06:49, 44.4MB/s]
2026-04-20 15:58:39,432 ERROR Downloading (incomplete total...):  55%|######################9                   | 21.6G/39.5G [18:02<04:37, 64.8MB/s]
2026-04-20 15:58:39,432 ERROR Downloading (incomplete total...):  55%|#######################4                   | 21.6G/39.5G [18:02<01:12, 246MB/s]
2026-04-20 15:58:39,432 ERROR Downloading (incomplete total...):  55%|#######################4                   | 21.6G/39.5G [18:02<01:12, 246MB/s]
2026-04-20 15:58:39,432 ERROR Downloading (incomplete total...):  55%|#######################4                   | 21.6G/39.5G [18:02<01:12, 246MB/s]
2026-04-20 15:58:39,433 ERROR Downloading (incomplete total...):  55%|#######################4                   | 21.6G/39.5G [18:02<01:12, 246MB/s]
2026-04-20 15:58:57,914 ERROR Downloading (incomplete total...):  55%|#######################4                   | 21.6G/39.5G [18:20<01:12, 246MB/s]
2026-04-20 15:58:58,631 ERROR Downloading (incomplete total...):  55%|#######################                   | 21.7G/39.5G [18:21<09:28, 31.4MB/s]
2026-04-20 15:58:58,631 ERROR Downloading (incomplete total...):  55%|#######################                   | 21.7G/39.5G [18:21<48:04, 6.20MB/s]
2026-04-20 15:58:58,632 ERROR Downloading (incomplete total...):  55%|#######################                   | 21.7G/39.5G [18:21<48:04, 6.20MB/s]
2026-04-20 15:58:58,632 ERROR Downloading (incomplete total...):  55%|#######################                   | 21.7G/39.5G [18:21<48:04, 6.20MB/s]
2026-04-20 15:58:58,632 ERROR Downloading (incomplete total...):  55%|#######################                   | 21.7G/39.5G [18:21<48:04, 6.20MB/s]
2026-04-20 15:59:05,232 ERROR Downloading (incomplete total...):  55%|#######################                   | 21.7G/39.5G [18:28<43:44, 6.79MB/s]
2026-04-20 15:59:17,929 ERROR Downloading (incomplete total...):  55%|#######################                   | 21.7G/39.5G [18:40<43:44, 6.79MB/s]
2026-04-20 16:00:05,558 ERROR Downloading (incomplete total...):  55%|######################                  | 21.8G/39.5G [19:28<1:37:21, 3.04MB/s]
2026-04-20 16:00:10,743 ERROR Downloading (incomplete total...):  55%|######################                  | 21.8G/39.5G [19:33<1:43:38, 2.85MB/s]
2026-04-20 16:00:27,976 ERROR Downloading (incomplete total...):  55%|######################                  | 21.8G/39.5G [19:50<1:43:38, 2.85MB/s]
2026-04-20 16:01:26,239 ERROR Downloading (incomplete total...):  56%|######################2                 | 22.0G/39.5G [20:49<1:46:45, 2.74MB/s]
2026-04-20 16:01:26,239 ERROR Downloading (incomplete total...):  56%|######################2                 | 22.0G/39.5G [20:49<1:49:05, 2.68MB/s]
2026-04-20 16:01:26,239 ERROR Downloading (incomplete total...):  56%|######################2                 | 22.0G/39.5G [20:49<1:49:05, 2.68MB/s]
2026-04-20 16:01:26,239 ERROR Downloading (incomplete total...):  56%|######################2                 | 22.0G/39.5G [20:49<1:49:05, 2.68MB/s]
2026-04-20 16:01:26,431 ERROR Downloading (incomplete total...):  57%|#######################7                  | 22.4G/39.5G [20:49<52:30, 5.44MB/s]
2026-04-20 16:01:38,052 ERROR Downloading (incomplete total...):  57%|#######################8                  | 22.5G/39.5G [21:01<52:18, 5.44MB/s]
2026-04-20 16:01:38,068 ERROR Downloading (incomplete total...):  57%|#######################8                  | 22.5G/39.5G [21:01<51:59, 5.47MB/s]
2026-04-20 16:01:51,262 ERROR Downloading (incomplete total...):  57%|#######################9                  | 22.5G/39.5G [21:14<52:18, 5.42MB/s]
2026-04-20 16:01:53,641 ERROR Downloading (incomplete total...):  57%|########################                  | 22.6G/39.5G [21:16<45:21, 6.22MB/s]
2026-04-20 16:01:53,642 ERROR Downloading (incomplete total...):  57%|########################                  | 22.6G/39.5G [21:16<38:46, 7.28MB/s]
2026-04-20 16:02:08,080 ERROR Downloading (incomplete total...):  57%|########################                  | 22.6G/39.5G [21:31<38:46, 7.28MB/s]
2026-04-20 16:02:10,843 ERROR Downloading (incomplete total...):  57%|########################                  | 22.7G/39.5G [21:33<45:39, 6.16MB/s]
2026-04-20 16:02:12,145 ERROR Downloading (incomplete total...):  57%|########################                  | 22.7G/39.5G [21:35<45:43, 6.15MB/s]
2026-04-20 16:02:28,098 ERROR Downloading (incomplete total...):  57%|########################                  | 22.7G/39.5G [21:51<45:43, 6.15MB/s]
2026-04-20 16:02:45,635 ERROR Downloading (incomplete total...):  58%|#######################                 | 22.7G/39.5G [22:08<1:13:08, 3.83MB/s]
2026-04-20 16:02:45,635 ERROR Downloading (incomplete total...):  58%|#######################                 | 22.7G/39.5G [22:08<1:46:41, 2.62MB/s]
2026-04-20 16:02:45,635 ERROR Downloading (incomplete total...):  58%|#######################                 | 22.7G/39.5G [22:08<1:46:41, 2.62MB/s]
2026-04-20 16:02:58,122 ERROR Downloading (incomplete total...):  58%|#######################                 | 22.7G/39.5G [22:21<1:46:41, 2.62MB/s]
2026-04-20 16:03:06,836 ERROR Downloading (incomplete total...):  58%|#######################1                | 22.9G/39.5G [22:29<1:17:26, 3.59MB/s]
2026-04-20 16:03:07,034 ERROR Downloading (incomplete total...):  58%|########################5                 | 23.1G/39.5G [22:30<38:43, 7.08MB/s]
2026-04-20 16:03:07,034 ERROR Downloading (incomplete total...):  58%|########################5                 | 23.1G/39.5G [22:30<14:24, 19.0MB/s]
2026-04-20 16:03:07,034 ERROR Downloading (incomplete total...):  58%|########################5                 | 23.1G/39.5G [22:30<14:24, 19.0MB/s]
2026-04-20 16:03:17,235 ERROR Downloading (incomplete total...):  59%|########################6                 | 23.2G/39.5G [22:40<15:58, 17.0MB/s]
2026-04-20 16:03:17,235 ERROR Downloading (incomplete total...):  59%|########################6                 | 23.2G/39.5G [22:40<18:12, 14.9MB/s]
2026-04-20 16:03:17,235 ERROR Downloading (incomplete total...):  59%|########################6                 | 23.2G/39.5G [22:40<18:12, 14.9MB/s]
2026-04-20 16:03:28,136 ERROR Downloading (incomplete total...):  59%|########################6                 | 23.2G/39.5G [22:51<18:12, 14.9MB/s]
2026-04-20 16:04:31,440 ERROR Downloading (incomplete total...):  59%|#######################5                | 23.3G/39.5G [23:54<1:05:02, 4.17MB/s]
2026-04-20 16:04:31,440 ERROR Downloading (incomplete total...):  59%|#######################5                | 23.3G/39.5G [23:54<2:30:59, 1.79MB/s]
2026-04-20 16:04:31,440 ERROR Downloading (incomplete total...):  59%|#######################5                | 23.3G/39.5G [23:54<2:30:59, 1.79MB/s]
2026-04-20 16:04:31,953 ERROR Downloading (incomplete total...):  59%|#######################6                | 23.3G/39.5G [23:54<2:00:00, 2.25MB/s]
2026-04-20 16:04:48,206 ERROR Downloading (incomplete total...):  59%|#######################6                | 23.3G/39.5G [24:11<2:00:00, 2.25MB/s]
2026-04-20 16:04:53,438 ERROR Downloading (incomplete total...):  59%|#######################6                | 23.4G/39.5G [24:16<1:50:51, 2.43MB/s]
2026-04-20 16:04:53,438 ERROR Downloading (incomplete total...):  59%|#######################6                | 23.4G/39.5G [24:16<1:35:26, 2.82MB/s]
2026-04-20 16:04:53,438 ERROR Downloading (incomplete total...):  59%|#######################6                | 23.4G/39.5G [24:16<1:35:26, 2.82MB/s]
2026-04-20 16:04:53,438 ERROR Downloading (incomplete total...):  59%|#######################6                | 23.4G/39.5G [24:16<1:35:26, 2.82MB/s]
2026-04-20 16:04:57,264 ERROR Downloading (incomplete total...):  59%|#######################7                | 23.5G/39.5G [24:20<1:12:00, 3.72MB/s]
2026-04-20 16:05:08,231 ERROR Downloading (incomplete total...):  59%|#######################7                | 23.5G/39.5G [24:31<1:12:00, 3.72MB/s]
2026-04-20 16:05:20,646 ERROR Downloading (incomplete total...):  60%|#######################8                | 23.5G/39.5G [24:43<1:17:54, 3.42MB/s]
2026-04-20 16:05:38,242 ERROR Downloading (incomplete total...):  60%|#######################8                | 23.5G/39.5G [25:01<1:17:54, 3.42MB/s]
2026-04-20 16:05:39,634 ERROR Downloading (incomplete total...):  60%|#######################8                | 23.6G/39.5G [25:02<1:16:51, 3.45MB/s]
2026-04-20 16:05:39,634 ERROR Downloading (incomplete total...):  60%|#######################8                | 23.6G/39.5G [25:02<1:15:59, 3.49MB/s]
2026-04-20 16:05:39,634 ERROR Downloading (incomplete total...):  60%|#######################8                | 23.6G/39.5G [25:02<1:15:59, 3.49MB/s]
2026-04-20 16:05:50,047 ERROR Downloading (incomplete total...):  60%|#######################9                | 23.7G/39.5G [25:13<1:05:21, 4.05MB/s]
2026-04-20 16:06:08,257 ERROR Downloading (incomplete total...):  60%|#######################9                | 23.7G/39.5G [25:31<1:05:21, 4.05MB/s]
2026-04-20 16:06:17,848 ERROR Downloading (incomplete total...):  60%|########################                | 23.7G/39.5G [25:40<1:18:14, 3.37MB/s]
2026-04-20 16:06:17,849 ERROR Downloading (incomplete total...):  60%|########################                | 23.7G/39.5G [25:40<1:27:29, 3.01MB/s]
2026-04-20 16:06:28,267 ERROR Downloading (incomplete total...):  60%|########################                | 23.7G/39.5G [25:51<1:27:29, 3.01MB/s]
2026-04-20 16:06:47,240 ERROR Downloading (incomplete total...):  60%|########################                | 23.8G/39.5G [26:10<1:35:25, 2.75MB/s]
2026-04-20 16:06:47,240 ERROR Downloading (incomplete total...):  60%|########################                | 23.8G/39.5G [26:10<1:41:15, 2.59MB/s]
2026-04-20 16:06:55,359 ERROR Downloading (incomplete total...):  60%|########################1               | 23.9G/39.5G [26:18<1:20:04, 3.26MB/s]
2026-04-20 16:07:08,289 ERROR Downloading (incomplete total...):  60%|########################1               | 23.9G/39.5G [26:31<1:20:04, 3.26MB/s]
2026-04-20 16:07:19,866 ERROR Downloading (incomplete total...):  61%|########################2               | 23.9G/39.5G [26:42<1:24:17, 3.08MB/s]
2026-04-20 16:07:38,326 ERROR Downloading (incomplete total...):  61%|########################2               | 23.9G/39.5G [27:01<1:24:17, 3.08MB/s]
2026-04-20 16:07:38,639 ERROR Downloading (incomplete total...):  61%|########################2               | 24.0G/39.5G [27:01<1:20:28, 3.22MB/s]
2026-04-20 16:07:38,639 ERROR Downloading (incomplete total...):  61%|########################2               | 24.0G/39.5G [27:01<1:15:10, 3.44MB/s]
2026-04-20 16:07:38,639 ERROR Downloading (incomplete total...):  61%|########################2               | 24.0G/39.5G [27:01<1:15:10, 3.44MB/s]
2026-04-20 16:07:38,639 ERROR Downloading (incomplete total...):  61%|########################2               | 24.0G/39.5G [27:01<1:15:10, 3.44MB/s]
2026-04-20 16:07:58,338 ERROR Downloading (incomplete total...):  61%|########################2               | 24.0G/39.5G [27:21<1:15:10, 3.44MB/s]
2026-04-20 16:08:08,038 ERROR Downloading (incomplete total...):  61%|########################3               | 24.1G/39.5G [27:31<1:26:15, 2.99MB/s]
2026-04-20 16:08:08,039 ERROR Downloading (incomplete total...):  61%|########################3               | 24.1G/39.5G [27:31<1:39:51, 2.58MB/s]
2026-04-20 16:08:08,039 ERROR Downloading (incomplete total...):  61%|########################3               | 24.1G/39.5G [27:31<1:39:51, 2.58MB/s]
2026-04-20 16:08:18,351 ERROR Downloading (incomplete total...):  61%|########################3               | 24.1G/39.5G [27:41<1:39:51, 2.58MB/s]
2026-04-20 16:08:18,446 ERROR Downloading (incomplete total...):  61%|########################4               | 24.1G/39.5G [27:41<1:21:32, 3.15MB/s]
2026-04-20 16:08:24,435 ERROR Downloading (incomplete total...):  61%|########################4               | 24.2G/39.5G [27:47<1:03:41, 4.01MB/s]
2026-04-20 16:08:38,359 ERROR Downloading (incomplete total...):  61%|########################4               | 24.2G/39.5G [28:01<1:03:41, 4.01MB/s]
2026-04-20 16:09:21,443 ERROR Downloading (incomplete total...):  61%|########################5               | 24.3G/39.5G [28:44<1:49:13, 2.33MB/s]
2026-04-20 16:09:31,647 ERROR Downloading (incomplete total...):  62%|########################6               | 24.3G/39.5G [28:54<1:27:40, 2.89MB/s]
2026-04-20 16:09:31,648 ERROR Downloading (incomplete total...):  62%|########################6               | 24.3G/39.5G [28:54<1:12:55, 3.47MB/s]
2026-04-20 16:09:38,960 ERROR Downloading (incomplete total...):  62%|#########################9                | 24.4G/39.5G [29:01<59:04, 4.27MB/s]
2026-04-20 16:09:55,238 ERROR Downloading (incomplete total...):  62%|##########################                | 24.5G/39.5G [29:18<59:26, 4.22MB/s]
2026-04-20 16:09:55,238 ERROR Downloading (incomplete total...):  62%|########################7               | 24.5G/39.5G [29:18<1:00:24, 4.15MB/s]
2026-04-20 16:09:55,239 ERROR Downloading (incomplete total...):  62%|########################7               | 24.5G/39.5G [29:18<1:00:24, 4.15MB/s]
2026-04-20 16:09:55,239 ERROR Downloading (incomplete total...):  62%|########################7               | 24.5G/39.5G [29:18<1:00:24, 4.15MB/s]
2026-04-20 16:10:08,444 ERROR Downloading (incomplete total...):  62%|########################7               | 24.5G/39.5G [29:31<1:00:24, 4.15MB/s]
2026-04-20 16:10:10,267 ERROR Downloading (incomplete total...):  62%|##########################                | 24.5G/39.5G [29:33<58:54, 4.24MB/s]
2026-04-20 16:10:28,451 ERROR Downloading (incomplete total...):  62%|##########################                | 24.5G/39.5G [29:51<58:54, 4.24MB/s]
2026-04-20 16:10:38,641 ERROR Downloading (incomplete total...):  62%|########################8               | 24.6G/39.5G [30:01<1:12:38, 3.42MB/s]
2026-04-20 16:10:38,641 ERROR Downloading (incomplete total...):  62%|########################8               | 24.6G/39.5G [30:01<1:29:17, 2.79MB/s]
2026-04-20 16:10:38,641 ERROR Downloading (incomplete total...):  62%|########################8               | 24.6G/39.5G [30:01<1:29:17, 2.79MB/s]
2026-04-20 16:10:58,452 ERROR Downloading (incomplete total...):  62%|########################9               | 24.7G/39.5G [30:21<1:24:10, 2.94MB/s]
2026-04-20 16:10:58,453 ERROR Downloading (incomplete total...):  62%|########################9               | 24.7G/39.5G [30:21<1:18:33, 3.15MB/s]
2026-04-20 16:10:58,453 ERROR Downloading (incomplete total...):  62%|########################9               | 24.7G/39.5G [30:21<1:18:33, 3.15MB/s]
2026-04-20 16:11:08,477 ERROR Downloading (incomplete total...):  62%|########################9               | 24.7G/39.5G [30:31<1:18:33, 3.15MB/s]
2026-04-20 16:11:12,047 ERROR Downloading (incomplete total...):  63%|#########################               | 24.7G/39.5G [30:35<1:09:44, 3.54MB/s]
2026-04-20 16:11:12,047 ERROR Downloading (incomplete total...):  63%|#########################               | 24.7G/39.5G [30:35<1:03:48, 3.86MB/s]
2026-04-20 16:11:28,482 ERROR Downloading (incomplete total...):  63%|#########################               | 24.7G/39.5G [30:51<1:03:48, 3.86MB/s]
2026-04-20 16:11:55,251 ERROR Downloading (incomplete total...):  63%|#########################1              | 24.8G/39.5G [31:18<1:31:53, 2.67MB/s]
2026-04-20 16:11:55,252 ERROR Downloading (incomplete total...):  63%|#########################1              | 24.8G/39.5G [31:18<1:51:44, 2.20MB/s]
2026-04-20 16:12:08,532 ERROR Downloading (incomplete total...):  63%|#########################1              | 24.8G/39.5G [31:31<1:51:44, 2.20MB/s]
2026-04-20 16:12:17,360 ERROR Downloading (incomplete total...):  63%|#########################1              | 24.9G/39.5G [31:40<1:42:00, 2.39MB/s]
2026-04-20 16:12:25,645 ERROR Downloading (incomplete total...):  63%|#########################2              | 24.9G/39.5G [31:48<1:20:06, 3.04MB/s]
2026-04-20 16:12:25,645 ERROR Downloading (incomplete total...):  63%|##########################5               | 24.9G/39.5G [31:48<54:35, 4.45MB/s]
2026-04-20 16:12:25,646 ERROR Downloading (incomplete total...):  63%|##########################5               | 24.9G/39.5G [31:48<54:35, 4.45MB/s]
2026-04-20 16:12:38,563 ERROR Downloading (incomplete total...):  63%|##########################5               | 24.9G/39.5G [32:01<54:35, 4.45MB/s]
2026-04-20 16:12:49,845 ERROR Downloading (incomplete total...):  63%|#########################3              | 25.0G/39.5G [32:12<1:04:13, 3.77MB/s]
2026-04-20 16:12:49,846 ERROR Downloading (incomplete total...):  63%|#########################3              | 25.0G/39.5G [32:12<1:21:45, 2.96MB/s]
2026-04-20 16:12:49,846 ERROR Downloading (incomplete total...):  63%|#########################3              | 25.0G/39.5G [32:12<1:21:45, 2.96MB/s]
2026-04-20 16:12:49,846 ERROR Downloading (incomplete total...):  63%|#########################3              | 25.0G/39.5G [32:12<1:21:45, 2.96MB/s]
2026-04-20 16:12:49,846 ERROR Downloading (incomplete total...):  63%|#########################3              | 25.0G/39.5G [32:12<1:21:45, 2.96MB/s]
2026-04-20 16:12:58,271 ERROR Downloading (incomplete total...):  63%|#########################3              | 25.1G/39.5G [32:21<1:06:04, 3.65MB/s]
2026-04-20 16:13:01,438 ERROR Downloading (incomplete total...):  64%|##########################7               | 25.1G/39.5G [32:24<49:25, 4.85MB/s]
2026-04-20 16:13:18,602 ERROR Downloading (incomplete total...):  64%|##########################7               | 25.1G/39.5G [32:41<49:25, 4.85MB/s]
2026-04-20 16:13:48,848 ERROR Downloading (incomplete total...):  64%|#########################5              | 25.2G/39.5G [33:11<1:25:05, 2.81MB/s]
2026-04-20 16:14:05,643 ERROR Downloading (incomplete total...):  64%|#########################5              | 25.3G/39.5G [33:28<1:17:08, 3.08MB/s]
2026-04-20 16:14:05,643 ERROR Downloading (incomplete total...):  64%|#########################5              | 25.3G/39.5G [33:28<1:11:51, 3.31MB/s]
2026-04-20 16:14:18,651 ERROR Downloading (incomplete total...):  64%|#########################5              | 25.3G/39.5G [33:41<1:11:51, 3.31MB/s]
2026-04-20 16:14:39,169 ERROR Downloading (incomplete total...):  64%|#########################6              | 25.3G/39.5G [34:02<1:25:31, 2.76MB/s]
2026-04-20 16:14:58,674 ERROR Downloading (incomplete total...):  64%|#########################6              | 25.3G/39.5G [34:21<1:25:31, 2.76MB/s]
2026-04-20 16:15:03,239 ERROR Downloading (incomplete total...):  64%|#########################7              | 25.4G/39.5G [34:26<1:24:55, 2.77MB/s]
2026-04-20 16:15:03,239 ERROR Downloading (incomplete total...):  64%|#########################7              | 25.4G/39.5G [34:26<1:24:41, 2.78MB/s]
2026-04-20 16:15:03,240 ERROR Downloading (incomplete total...):  64%|#########################7              | 25.4G/39.5G [34:26<1:24:41, 2.78MB/s]
2026-04-20 16:15:10,646 ERROR Downloading (incomplete total...):  64%|#########################7              | 25.5G/39.5G [34:33<1:06:47, 3.51MB/s]
2026-04-20 16:15:10,646 ERROR Downloading (incomplete total...):  64%|###########################               | 25.5G/39.5G [34:33<45:56, 5.10MB/s]
2026-04-20 16:15:10,646 ERROR Downloading (incomplete total...):  64%|###########################               | 25.5G/39.5G [34:33<45:56, 5.10MB/s]
2026-04-20 16:15:20,682 ERROR Downloading (incomplete total...):  65%|###########################1              | 25.6G/39.5G [34:43<42:28, 5.49MB/s]
2026-04-20 16:15:32,841 ERROR Downloading (incomplete total...):  65%|###########################2              | 25.6G/39.5G [34:55<42:13, 5.50MB/s]
2026-04-20 16:15:32,842 ERROR Downloading (incomplete total...):  65%|###########################2              | 25.6G/39.5G [34:55<42:08, 5.51MB/s]
2026-04-20 16:15:32,842 ERROR Downloading (incomplete total...):  65%|###########################2              | 25.6G/39.5G [34:55<42:08, 5.51MB/s]
2026-04-20 16:15:32,842 ERROR Downloading (incomplete total...):  65%|###########################2              | 25.6G/39.5G [34:55<42:08, 5.51MB/s]
2026-04-20 16:15:32,842 ERROR Downloading (incomplete total...):  65%|###########################2              | 25.6G/39.5G [34:55<42:08, 5.51MB/s]
2026-04-20 16:15:48,732 ERROR Downloading (incomplete total...):  65%|###########################2              | 25.6G/39.5G [35:11<42:08, 5.51MB/s]
2026-04-20 16:16:02,845 ERROR Downloading (incomplete total...):  65%|#########################9              | 25.7G/39.5G [35:25<1:00:20, 3.83MB/s]
2026-04-20 16:16:02,845 ERROR Downloading (incomplete total...):  65%|#########################9              | 25.7G/39.5G [35:25<1:13:13, 3.15MB/s]
2026-04-20 16:16:17,854 ERROR Downloading (incomplete total...):  65%|##########################              | 25.8G/39.5G [35:40<1:06:26, 3.46MB/s]
2026-04-20 16:16:28,765 ERROR Downloading (incomplete total...):  65%|##########################              | 25.8G/39.5G [35:51<1:06:26, 3.46MB/s]
2026-04-20 16:17:07,440 ERROR Downloading (incomplete total...):  65%|##########################1             | 25.8G/39.5G [36:30<1:36:59, 2.36MB/s]
2026-04-20 16:17:07,440 ERROR Downloading (incomplete total...):  65%|##########################1             | 25.8G/39.5G [36:30<1:58:35, 1.93MB/s]
2026-04-20 16:17:18,557 ERROR Downloading (incomplete total...):  65%|##########################1             | 25.9G/39.5G [36:41<1:33:55, 2.42MB/s]
2026-04-20 16:17:28,835 ERROR Downloading (incomplete total...):  65%|##########################1             | 25.9G/39.5G [36:51<1:33:55, 2.42MB/s]
2026-04-20 16:17:45,843 ERROR Downloading (incomplete total...):  66%|##########################2             | 26.0G/39.5G [37:08<1:33:05, 2.43MB/s]
2026-04-20 16:17:45,843 ERROR Downloading (incomplete total...):  66%|##########################2             | 26.0G/39.5G [37:08<1:32:31, 2.45MB/s]
2026-04-20 16:17:45,843 ERROR Downloading (incomplete total...):  66%|##########################2             | 26.0G/39.5G [37:08<1:32:31, 2.45MB/s]
2026-04-20 16:17:45,843 ERROR Downloading (incomplete total...):  66%|##########################2             | 26.0G/39.5G [37:08<1:32:31, 2.45MB/s]
2026-04-20 16:17:58,862 ERROR Downloading (incomplete total...):  66%|##########################2             | 26.0G/39.5G [37:21<1:32:31, 2.45MB/s]
2026-04-20 16:18:13,453 ERROR Downloading (incomplete total...):  66%|##########################3             | 26.0G/39.5G [37:36<1:32:17, 2.44MB/s]
2026-04-20 16:18:13,453 ERROR Downloading (incomplete total...):  66%|##########################3             | 26.0G/39.5G [37:36<1:32:41, 2.43MB/s]
2026-04-20 16:18:13,454 ERROR Downloading (incomplete total...):  66%|##########################3             | 26.0G/39.5G [37:36<1:32:41, 2.43MB/s]
2026-04-20 16:18:13,454 ERROR Downloading (incomplete total...):  66%|##########################3             | 26.0G/39.5G [37:36<1:32:41, 2.43MB/s]
2026-04-20 16:18:13,454 ERROR Downloading (incomplete total...):  66%|##########################3             | 26.0G/39.5G [37:36<1:32:41, 2.43MB/s]
2026-04-20 16:18:16,053 ERROR Downloading (incomplete total...):  66%|##########################3             | 26.1G/39.5G [37:39<1:07:08, 3.34MB/s]
2026-04-20 16:18:16,053 ERROR Downloading (incomplete total...):  66%|###########################7              | 26.1G/39.5G [37:39<49:35, 4.52MB/s]
2026-04-20 16:18:20,478 ERROR Downloading (incomplete total...):  66%|###########################7              | 26.2G/39.5G [37:43<38:57, 5.73MB/s]
2026-04-20 16:18:38,873 ERROR Downloading (incomplete total...):  66%|###########################7              | 26.2G/39.5G [38:01<38:57, 5.73MB/s]
2026-04-20 16:19:21,261 ERROR Downloading (incomplete total...):  66%|##########################5             | 26.2G/39.5G [38:44<1:27:29, 2.54MB/s]
2026-04-20 16:19:34,050 ERROR Downloading (incomplete total...):  66%|##########################5             | 26.3G/39.5G [38:57<1:13:34, 3.00MB/s]
2026-04-20 16:19:34,051 ERROR Downloading (incomplete total...):  66%|##########################5             | 26.3G/39.5G [38:57<1:04:08, 3.44MB/s]
2026-04-20 16:19:48,944 ERROR Downloading (incomplete total...):  66%|##########################5             | 26.3G/39.5G [39:11<1:04:08, 3.44MB/s]
2026-04-20 16:19:52,154 ERROR Downloading (incomplete total...):  67%|##########################6             | 26.4G/39.5G [39:15<1:02:28, 3.52MB/s]
2026-04-20 16:20:06,846 ERROR Downloading (incomplete total...):  67%|############################              | 26.4G/39.5G [39:29<57:52, 3.78MB/s]
2026-04-20 16:20:06,847 ERROR Downloading (incomplete total...):  67%|############################              | 26.4G/39.5G [39:29<54:52, 3.98MB/s]
2026-04-20 16:20:18,968 ERROR Downloading (incomplete total...):  67%|############################              | 26.4G/39.5G [39:41<54:52, 3.98MB/s]
2026-04-20 16:20:19,444 ERROR Downloading (incomplete total...):  67%|############################1             | 26.5G/39.5G [39:42<50:28, 4.31MB/s]
2026-04-20 16:20:19,444 ERROR Downloading (incomplete total...):  67%|############################1             | 26.5G/39.5G [39:42<44:09, 4.92MB/s]
2026-04-20 16:20:19,445 ERROR Downloading (incomplete total...):  67%|############################1             | 26.5G/39.5G [39:42<44:09, 4.92MB/s]
2026-04-20 16:20:19,445 ERROR Downloading (incomplete total...):  67%|############################1             | 26.5G/39.5G [39:42<44:09, 4.92MB/s]
2026-04-20 16:20:36,040 ERROR Downloading (incomplete total...):  67%|############################2             | 26.6G/39.5G [39:59<46:49, 4.62MB/s]
2026-04-20 16:20:48,983 ERROR Downloading (incomplete total...):  67%|############################2             | 26.6G/39.5G [40:11<46:49, 4.62MB/s]
2026-04-20 16:20:55,278 ERROR Downloading (incomplete total...):  67%|############################2             | 26.6G/39.5G [40:18<51:07, 4.21MB/s]
2026-04-20 16:21:08,997 ERROR Downloading (incomplete total...):  67%|############################2             | 26.6G/39.5G [40:31<51:07, 4.21MB/s]
2026-04-20 16:21:21,643 ERROR Downloading (incomplete total...):  68%|###########################             | 26.7G/39.5G [40:44<1:00:51, 3.52MB/s]
2026-04-20 16:21:21,643 ERROR Downloading (incomplete total...):  68%|###########################             | 26.7G/39.5G [40:44<1:07:50, 3.16MB/s]
2026-04-20 16:21:39,021 ERROR Downloading (incomplete total...):  68%|###########################             | 26.7G/39.5G [41:02<1:07:50, 3.16MB/s]
2026-04-20 16:22:24,852 ERROR Downloading (incomplete total...):  68%|###########################             | 26.8G/39.5G [41:47<1:47:27, 1.98MB/s]
2026-04-20 16:22:24,955 ERROR Downloading (incomplete total...):  68%|###########################1            | 26.8G/39.5G [41:47<1:14:54, 2.83MB/s]
2026-04-20 16:22:39,060 ERROR Downloading (incomplete total...):  68%|###########################1            | 26.8G/39.5G [42:02<1:14:54, 2.83MB/s]
2026-04-20 16:22:44,043 ERROR Downloading (incomplete total...):  68%|###########################2            | 26.9G/39.5G [42:07<1:10:09, 3.00MB/s]
2026-04-20 16:22:44,043 ERROR Downloading (incomplete total...):  68%|###########################2            | 26.9G/39.5G [42:07<1:04:58, 3.24MB/s]
2026-04-20 16:22:44,044 ERROR Downloading (incomplete total...):  68%|###########################2            | 26.9G/39.5G [42:07<1:04:58, 3.24MB/s]
2026-04-20 16:22:59,078 ERROR Downloading (incomplete total...):  68%|###########################2            | 26.9G/39.5G [42:22<1:04:58, 3.24MB/s]
2026-04-20 16:23:07,442 ERROR Downloading (incomplete total...):  68%|###########################2            | 27.0G/39.5G [42:30<1:07:10, 3.12MB/s]
2026-04-20 16:23:11,649 ERROR Downloading (incomplete total...):  68%|############################7             | 27.0G/39.5G [42:34<50:41, 4.11MB/s]
2026-04-20 16:23:11,649 ERROR Downloading (incomplete total...):  68%|############################7             | 27.0G/39.5G [42:34<22:06, 9.43MB/s]
2026-04-20 16:23:11,649 ERROR Downloading (incomplete total...):  68%|############################7             | 27.0G/39.5G [42:34<22:06, 9.43MB/s]
2026-04-20 16:23:11,649 ERROR Downloading (incomplete total...):  68%|############################7             | 27.0G/39.5G [42:34<22:06, 9.43MB/s]
2026-04-20 16:23:11,649 ERROR Downloading (incomplete total...):  68%|############################7             | 27.0G/39.5G [42:34<22:06, 9.43MB/s]
2026-04-20 16:23:15,448 ERROR Downloading (incomplete total...):  69%|############################7             | 27.1G/39.5G [42:38<18:55, 11.0MB/s]
2026-04-20 16:23:15,449 ERROR Downloading (incomplete total...):  69%|############################7             | 27.1G/39.5G [42:38<16:46, 12.4MB/s]
2026-04-20 16:23:29,107 ERROR Downloading (incomplete total...):  69%|############################7             | 27.1G/39.5G [42:52<16:46, 12.4MB/s]
2026-04-20 16:23:50,477 ERROR Downloading (incomplete total...):  69%|############################8             | 27.2G/39.5G [43:13<43:59, 4.69MB/s]
2026-04-20 16:24:01,848 ERROR Downloading (incomplete total...):  69%|############################9             | 27.2G/39.5G [43:24<41:04, 5.00MB/s]
2026-04-20 16:24:01,848 ERROR Downloading (incomplete total...):  69%|############################9             | 27.2G/39.5G [43:24<39:11, 5.24MB/s]
2026-04-20 16:24:19,142 ERROR Downloading (incomplete total...):  69%|############################9             | 27.2G/39.5G [43:42<39:11, 5.24MB/s]
2026-04-20 16:25:06,564 ERROR Downloading (incomplete total...):  69%|###########################6            | 27.3G/39.5G [44:29<1:26:22, 2.36MB/s]
2026-04-20 16:25:19,184 ERROR Downloading (incomplete total...):  69%|###########################6            | 27.3G/39.5G [44:42<1:26:22, 2.36MB/s]
2026-04-20 16:25:21,665 ERROR Downloading (incomplete total...):  69%|###########################6            | 27.4G/39.5G [44:44<1:13:51, 2.75MB/s]
2026-04-20 16:25:39,203 ERROR Downloading (incomplete total...):  69%|###########################6            | 27.4G/39.5G [45:02<1:13:51, 2.75MB/s]
2026-04-20 16:25:47,254 ERROR Downloading (incomplete total...):  69%|###########################7            | 27.4G/39.5G [45:10<1:14:32, 2.71MB/s]
2026-04-20 16:25:47,254 ERROR Downloading (incomplete total...):  69%|###########################7            | 27.4G/39.5G [45:10<1:16:38, 2.63MB/s]
2026-04-20 16:25:47,254 ERROR Downloading (incomplete total...):  69%|###########################7            | 27.4G/39.5G [45:10<1:16:38, 2.63MB/s]
2026-04-20 16:25:47,254 ERROR Downloading (incomplete total...):  69%|###########################7            | 27.4G/39.5G [45:10<1:16:38, 2.63MB/s]
2026-04-20 16:25:47,255 ERROR Downloading (incomplete total...):  69%|###########################7            | 27.4G/39.5G [45:10<1:16:38, 2.63MB/s]
2026-04-20 16:25:47,255 ERROR Downloading (incomplete total...):  69%|###########################7            | 27.4G/39.5G [45:10<1:16:38, 2.63MB/s]
2026-04-20 16:25:49,445 ERROR Downloading (incomplete total...):  70%|#############################2            | 27.5G/39.5G [45:12<55:18, 3.63MB/s]
2026-04-20 16:25:51,448 ERROR Downloading (incomplete total...):  70%|#############################2            | 27.6G/39.5G [45:14<40:16, 4.96MB/s]
2026-04-20 16:25:51,448 ERROR Downloading (incomplete total...):  70%|#############################2            | 27.6G/39.5G [45:14<14:11, 14.1MB/s]
2026-04-20 16:25:51,448 ERROR Downloading (incomplete total...):  70%|#############################2            | 27.6G/39.5G [45:14<14:11, 14.1MB/s]
2026-04-20 16:25:51,448 ERROR Downloading (incomplete total...):  70%|#############################2            | 27.6G/39.5G [45:14<14:11, 14.1MB/s]
2026-04-20 16:25:51,449 ERROR Downloading (incomplete total...):  70%|#############################2            | 27.6G/39.5G [45:14<14:11, 14.1MB/s]
2026-04-20 16:25:53,643 ERROR Downloading (incomplete total...):  70%|#############################3            | 27.6G/39.5G [45:16<11:49, 16.8MB/s]
2026-04-20 16:26:09,208 ERROR Downloading (incomplete total...):  70%|#############################3            | 27.6G/39.5G [45:32<11:49, 16.8MB/s]
2026-04-20 16:26:40,281 ERROR Downloading (incomplete total...):  70%|#############################4            | 27.7G/39.5G [46:03<49:24, 4.00MB/s]
2026-04-20 16:26:59,221 ERROR Downloading (incomplete total...):  70%|#############################4            | 27.7G/39.5G [46:22<49:24, 4.00MB/s]
2026-04-20 16:27:13,455 ERROR Downloading (incomplete total...):  70%|############################            | 27.8G/39.5G [46:36<1:03:29, 3.09MB/s]
2026-04-20 16:27:13,455 ERROR Downloading (incomplete total...):  70%|############################            | 27.8G/39.5G [46:36<1:28:59, 2.21MB/s]
2026-04-20 16:27:13,455 ERROR Downloading (incomplete total...):  70%|############################            | 27.8G/39.5G [46:36<1:28:59, 2.21MB/s]
2026-04-20 16:27:13,456 ERROR Downloading (incomplete total...):  70%|############################            | 27.8G/39.5G [46:36<1:28:59, 2.21MB/s]
2026-04-20 16:27:13,456 ERROR Downloading (incomplete total...):  70%|############################            | 27.8G/39.5G [46:36<1:28:59, 2.21MB/s]
2026-04-20 16:27:29,254 ERROR Downloading (incomplete total...):  70%|############################            | 27.8G/39.5G [46:52<1:28:59, 2.21MB/s]
2026-04-20 16:27:40,372 ERROR Downloading (incomplete total...):  70%|############################1           | 27.8G/39.5G [47:03<1:25:25, 2.28MB/s]
2026-04-20 16:27:59,263 ERROR Downloading (incomplete total...):  70%|############################1           | 27.8G/39.5G [47:22<1:25:25, 2.28MB/s]
2026-04-20 16:28:10,456 ERROR Downloading (incomplete total...):  71%|############################2           | 27.9G/39.5G [47:33<1:25:33, 2.27MB/s]
2026-04-20 16:28:10,456 ERROR Downloading (incomplete total...):  71%|############################2           | 27.9G/39.5G [47:33<1:26:30, 2.24MB/s]
2026-04-20 16:28:10,457 ERROR Downloading (incomplete total...):  71%|############################2           | 27.9G/39.5G [47:33<1:26:30, 2.24MB/s]
2026-04-20 16:28:10,457 ERROR Downloading (incomplete total...):  71%|############################2           | 27.9G/39.5G [47:33<1:26:30, 2.24MB/s]
2026-04-20 16:28:28,045 ERROR Downloading (incomplete total...):  71%|############################2           | 28.0G/39.5G [47:51<1:15:23, 2.56MB/s]
2026-04-20 16:28:35,845 ERROR Downloading (incomplete total...):  71%|#############################7            | 28.0G/39.5G [47:58<59:09, 3.24MB/s]
2026-04-20 16:28:38,853 ERROR Downloading (incomplete total...):  71%|#############################8            | 28.1G/39.5G [48:01<43:43, 4.36MB/s]
2026-04-20 16:28:38,853 ERROR Downloading (incomplete total...):  71%|#############################8            | 28.1G/39.5G [48:01<16:59, 11.2MB/s]
2026-04-20 16:28:38,853 ERROR Downloading (incomplete total...):  71%|#############################8            | 28.1G/39.5G [48:01<16:59, 11.2MB/s]
2026-04-20 16:28:38,853 ERROR Downloading (incomplete total...):  71%|#############################8            | 28.1G/39.5G [48:01<16:59, 11.2MB/s]
2026-04-20 16:28:38,853 ERROR Downloading (incomplete total...):  71%|#############################8            | 28.1G/39.5G [48:01<16:59, 11.2MB/s]
2026-04-20 16:28:41,644 ERROR Downloading (incomplete total...):  71%|#############################9            | 28.2G/39.5G [48:04<14:11, 13.4MB/s]
2026-04-20 16:28:59,297 ERROR Downloading (incomplete total...):  71%|#############################9            | 28.2G/39.5G [48:22<14:11, 13.4MB/s]
2026-04-20 16:29:07,476 ERROR Downloading (incomplete total...):  71%|#############################9            | 28.2G/39.5G [48:30<31:39, 5.95MB/s]
2026-04-20 16:29:19,309 ERROR Downloading (incomplete total...):  71%|#############################9            | 28.2G/39.5G [48:42<31:39, 5.95MB/s]
2026-04-20 16:29:57,962 ERROR Downloading (incomplete total...):  72%|############################6           | 28.3G/39.5G [49:20<1:04:19, 2.91MB/s]
2026-04-20 16:30:09,340 ERROR Downloading (incomplete total...):  72%|############################6           | 28.3G/39.5G [49:32<1:04:19, 2.91MB/s]
2026-04-20 16:30:21,447 ERROR Downloading (incomplete total...):  72%|############################6           | 28.4G/39.5G [49:44<1:04:18, 2.89MB/s]
2026-04-20 16:30:39,367 ERROR Downloading (incomplete total...):  72%|############################6           | 28.4G/39.5G [50:02<1:04:18, 2.89MB/s]
2026-04-20 16:31:01,845 ERROR Downloading (incomplete total...):  72%|############################7           | 28.4G/39.5G [50:24<1:18:12, 2.37MB/s]
2026-04-20 16:31:05,060 ERROR Downloading (incomplete total...):  72%|##############################2           | 28.5G/39.5G [50:28<57:03, 3.22MB/s]
2026-04-20 16:31:13,245 ERROR Downloading (incomplete total...):  72%|##############################3           | 28.6G/39.5G [50:36<46:23, 3.94MB/s]
2026-04-20 16:31:13,246 ERROR Downloading (incomplete total...):  72%|##############################3           | 28.6G/39.5G [50:36<39:10, 4.67MB/s]
2026-04-20 16:31:29,401 ERROR Downloading (incomplete total...):  72%|##############################3           | 28.6G/39.5G [50:52<39:10, 4.67MB/s]
2026-04-20 16:31:29,847 ERROR Downloading (incomplete total...):  72%|##############################4           | 28.6G/39.5G [50:52<40:44, 4.46MB/s]
2026-04-20 16:31:29,847 ERROR Downloading (incomplete total...):  72%|##############################4           | 28.6G/39.5G [50:52<42:00, 4.33MB/s]
2026-04-20 16:31:38,251 ERROR Downloading (incomplete total...):  73%|##############################4           | 28.7G/39.5G [51:01<36:01, 5.01MB/s]
2026-04-20 16:31:38,251 ERROR Downloading (incomplete total...):  73%|##############################4           | 28.7G/39.5G [51:01<25:50, 6.99MB/s]
2026-04-20 16:31:38,252 ERROR Downloading (incomplete total...):  73%|##############################4           | 28.7G/39.5G [51:01<25:50, 6.99MB/s]
2026-04-20 16:31:38,252 ERROR Downloading (incomplete total...):  73%|##############################4           | 28.7G/39.5G [51:01<25:50, 6.99MB/s]
2026-04-20 16:31:38,252 ERROR Downloading (incomplete total...):  73%|##############################4           | 28.7G/39.5G [51:01<25:50, 6.99MB/s]
2026-04-20 16:31:49,414 ERROR Downloading (incomplete total...):  73%|##############################4           | 28.7G/39.5G [51:12<25:50, 6.99MB/s]
2026-04-20 16:32:02,477 ERROR Downloading (incomplete total...):  73%|##############################5           | 28.8G/39.5G [51:25<37:25, 4.80MB/s]
2026-04-20 16:32:19,439 ERROR Downloading (incomplete total...):  73%|##############################5           | 28.8G/39.5G [51:42<37:25, 4.80MB/s]
2026-04-20 16:32:39,962 ERROR Downloading (incomplete total...):  73%|##############################6           | 28.8G/39.5G [52:02<55:56, 3.19MB/s]
2026-04-20 16:32:59,473 ERROR Downloading (incomplete total...):  73%|##############################6           | 28.8G/39.5G [52:22<55:56, 3.19MB/s]
2026-04-20 16:33:22,657 ERROR Downloading (incomplete total...):  73%|#############################2          | 28.9G/39.5G [52:45<1:12:45, 2.44MB/s]
2026-04-20 16:33:22,658 ERROR Downloading (incomplete total...):  73%|#############################2          | 28.9G/39.5G [52:45<1:43:11, 1.72MB/s]
2026-04-20 16:33:22,658 ERROR Downloading (incomplete total...):  73%|#############################2          | 28.9G/39.5G [52:45<1:43:11, 1.72MB/s]
2026-04-20 16:33:22,658 ERROR Downloading (incomplete total...):  73%|#############################2          | 28.9G/39.5G [52:45<1:43:11, 1.72MB/s]
2026-04-20 16:33:22,658 ERROR Downloading (incomplete total...):  73%|#############################2          | 28.9G/39.5G [52:45<1:43:11, 1.72MB/s]
2026-04-20 16:33:39,514 ERROR Downloading (incomplete total...):  73%|#############################2          | 28.9G/39.5G [53:02<1:43:11, 1.72MB/s]
2026-04-20 16:33:47,254 ERROR Downloading (incomplete total...):  73%|#############################3          | 29.0G/39.5G [53:10<1:31:09, 1.93MB/s]
2026-04-20 16:33:47,255 ERROR Downloading (incomplete total...):  73%|#############################3          | 29.0G/39.5G [53:10<1:13:41, 2.39MB/s]
2026-04-20 16:33:47,255 ERROR Downloading (incomplete total...):  73%|#############################3          | 29.0G/39.5G [53:10<1:13:41, 2.39MB/s]
2026-04-20 16:33:47,255 ERROR Downloading (incomplete total...):  73%|#############################3          | 29.0G/39.5G [53:10<1:13:41, 2.39MB/s]
2026-04-20 16:33:53,671 ERROR Downloading (incomplete total...):  73%|##############################8           | 29.0G/39.5G [53:16<56:17, 3.11MB/s]
2026-04-20 16:34:08,253 ERROR Downloading (incomplete total...):  74%|##############################9           | 29.1G/39.5G [53:31<50:29, 3.44MB/s]
2026-04-20 16:34:08,253 ERROR Downloading (incomplete total...):  74%|##############################9           | 29.1G/39.5G [53:31<42:09, 4.12MB/s]
2026-04-20 16:34:08,253 ERROR Downloading (incomplete total...):  74%|##############################9           | 29.1G/39.5G [53:31<42:09, 4.12MB/s]
2026-04-20 16:34:08,253 ERROR Downloading (incomplete total...):  74%|##############################9           | 29.1G/39.5G [53:31<42:09, 4.12MB/s]
2026-04-20 16:34:17,650 ERROR Downloading (incomplete total...):  74%|##############################9           | 29.2G/39.5G [53:40<36:34, 4.72MB/s]
2026-04-20 16:34:17,856 ERROR Downloading (incomplete total...):  74%|###############################           | 29.2G/39.5G [53:40<25:35, 6.71MB/s]
2026-04-20 16:34:29,572 ERROR Downloading (incomplete total...):  74%|###############################           | 29.2G/39.5G [53:52<25:35, 6.71MB/s]
2026-04-20 16:34:59,482 ERROR Downloading (incomplete total...):  74%|###############################1          | 29.3G/39.5G [54:22<49:32, 3.44MB/s]
2026-04-20 16:35:09,603 ERROR Downloading (incomplete total...):  74%|###############################1          | 29.3G/39.5G [54:32<49:32, 3.44MB/s]
2026-04-20 16:35:21,361 ERROR Downloading (incomplete total...):  74%|###############################2          | 29.4G/39.5G [54:44<51:01, 3.32MB/s]
2026-04-20 16:35:39,619 ERROR Downloading (incomplete total...):  74%|###############################2          | 29.4G/39.5G [55:02<51:01, 3.32MB/s]
2026-04-20 16:35:54,251 ERROR Downloading (incomplete total...):  74%|#############################7          | 29.4G/39.5G [55:17<1:00:14, 2.79MB/s]
2026-04-20 16:35:54,252 ERROR Downloading (incomplete total...):  74%|#############################7          | 29.4G/39.5G [55:17<1:14:53, 2.25MB/s]
2026-04-20 16:35:54,252 ERROR Downloading (incomplete total...):  74%|#############################7          | 29.4G/39.5G [55:17<1:14:53, 2.25MB/s]
2026-04-20 16:35:54,252 ERROR Downloading (incomplete total...):  74%|#############################7          | 29.4G/39.5G [55:17<1:14:53, 2.25MB/s]
2026-04-20 16:36:09,644 ERROR Downloading (incomplete total...):  74%|#############################7          | 29.4G/39.5G [55:32<1:14:53, 2.25MB/s]
2026-04-20 16:36:22,849 ERROR Downloading (incomplete total...):  75%|#############################8          | 29.5G/39.5G [55:45<1:13:28, 2.28MB/s]
2026-04-20 16:36:22,850 ERROR Downloading (incomplete total...):  75%|#############################8          | 29.5G/39.5G [55:45<1:12:21, 2.31MB/s]
2026-04-20 16:36:22,850 ERROR Downloading (incomplete total...):  75%|#############################8          | 29.5G/39.5G [55:45<1:12:21, 2.31MB/s]
2026-04-20 16:36:30,065 ERROR Downloading (incomplete total...):  75%|###############################4          | 29.6G/39.5G [55:53<55:40, 2.98MB/s]
2026-04-20 16:36:49,682 ERROR Downloading (incomplete total...):  75%|###############################4          | 29.6G/39.5G [56:12<55:40, 2.98MB/s]
2026-04-20 16:36:53,853 ERROR Downloading (incomplete total...):  75%|###############################4          | 29.6G/39.5G [56:16<56:15, 2.93MB/s]
2026-04-20 16:36:57,460 ERROR Downloading (incomplete total...):  75%|###############################5          | 29.7G/39.5G [56:20<41:45, 3.92MB/s]
2026-04-20 16:36:57,460 ERROR Downloading (incomplete total...):  75%|###############################5          | 29.7G/39.5G [56:20<16:43, 9.80MB/s]
2026-04-20 16:36:57,460 ERROR Downloading (incomplete total...):  75%|###############################5          | 29.7G/39.5G [56:20<16:43, 9.80MB/s]
2026-04-20 16:36:57,460 ERROR Downloading (incomplete total...):  75%|###############################5          | 29.7G/39.5G [56:20<16:43, 9.80MB/s]
2026-04-20 16:36:57,460 ERROR Downloading (incomplete total...):  75%|###############################5          | 29.7G/39.5G [56:20<16:43, 9.80MB/s]
2026-04-20 16:37:09,682 ERROR Downloading (incomplete total...):  75%|###############################5          | 29.7G/39.5G [56:32<16:43, 9.80MB/s]
2026-04-20 16:37:19,071 ERROR Downloading (incomplete total...):  75%|###############################6          | 29.8G/39.5G [56:42<27:21, 5.95MB/s]
2026-04-20 16:37:19,072 ERROR Downloading (incomplete total...):  75%|###############################6          | 29.8G/39.5G [56:42<34:52, 4.66MB/s]
2026-04-20 16:37:29,699 ERROR Downloading (incomplete total...):  75%|###############################6          | 29.8G/39.5G [56:52<34:52, 4.66MB/s]
2026-04-20 16:37:50,770 ERROR Downloading (incomplete total...):  75%|###############################7          | 29.8G/39.5G [57:13<47:10, 3.43MB/s]
2026-04-20 16:37:55,883 ERROR Downloading (incomplete total...):  76%|###############################7          | 29.9G/39.5G [57:18<36:27, 4.40MB/s]
2026-04-20 16:38:09,738 ERROR Downloading (incomplete total...):  76%|###############################7          | 29.9G/39.5G [57:32<36:27, 4.40MB/s]
2026-04-20 16:38:52,651 ERROR Downloading (incomplete total...):  76%|##############################3         | 30.0G/39.5G [58:15<1:05:49, 2.42MB/s]
2026-04-20 16:38:58,455 ERROR Downloading (incomplete total...):  76%|###############################9          | 30.0G/39.5G [58:21<49:51, 3.17MB/s]
2026-04-20 16:38:58,455 ERROR Downloading (incomplete total...):  76%|###############################9          | 30.0G/39.5G [58:21<26:05, 6.06MB/s]
2026-04-20 16:38:58,455 ERROR Downloading (incomplete total...):  76%|###############################9          | 30.0G/39.5G [58:21<26:05, 6.06MB/s]
2026-04-20 16:38:58,455 ERROR Downloading (incomplete total...):  76%|###############################9          | 30.0G/39.5G [58:21<26:05, 6.06MB/s]
2026-04-20 16:39:09,798 ERROR Downloading (incomplete total...):  76%|###############################9          | 30.0G/39.5G [58:32<26:05, 6.06MB/s]
2026-04-20 16:39:20,475 ERROR Downloading (incomplete total...):  76%|###############################9          | 30.1G/39.5G [58:43<33:36, 4.68MB/s]
2026-04-20 16:39:39,822 ERROR Downloading (incomplete total...):  76%|###############################9          | 30.1G/39.5G [59:02<33:36, 4.68MB/s]
2026-04-20 16:39:41,254 ERROR Downloading (incomplete total...):  76%|################################          | 30.2G/39.5G [59:04<37:51, 4.12MB/s]
2026-04-20 16:39:55,258 ERROR Downloading (incomplete total...):  76%|################################1         | 30.2G/39.5G [59:18<36:00, 4.30MB/s]
2026-04-20 16:39:55,258 ERROR Downloading (incomplete total...):  76%|################################1         | 30.2G/39.5G [59:18<34:54, 4.44MB/s]
2026-04-20 16:40:06,854 ERROR Downloading (incomplete total...):  77%|################################1         | 30.3G/39.5G [59:29<32:14, 4.77MB/s]
2026-04-20 16:40:06,854 ERROR Downloading (incomplete total...):  77%|################################1         | 30.3G/39.5G [59:29<29:21, 5.24MB/s]
2026-04-20 16:40:06,854 ERROR Downloading (incomplete total...):  77%|################################1         | 30.3G/39.5G [59:29<29:21, 5.24MB/s]
2026-04-20 16:40:16,163 ERROR Downloading (incomplete total...):  77%|################################2         | 30.4G/39.5G [59:39<26:45, 5.70MB/s]
2026-04-20 16:40:29,866 ERROR Downloading (incomplete total...):  77%|################################2         | 30.4G/39.5G [59:52<26:45, 5.70MB/s]
2026-04-20 16:40:51,495 ERROR Downloading (incomplete total...):  77%|##############################8         | 30.4G/39.5G [1:00:14<42:32, 3.56MB/s]
2026-04-20 16:41:09,899 ERROR Downloading (incomplete total...):  77%|##############################8         | 30.4G/39.5G [1:00:32<42:32, 3.56MB/s]
2026-04-20 16:41:36,054 ERROR Downloading (incomplete total...):  77%|##############################8         | 30.5G/39.5G [1:00:59<59:31, 2.53MB/s]
2026-04-20 16:41:36,054 ERROR Downloading (incomplete total...):  77%|#############################3        | 30.5G/39.5G [1:00:59<1:20:06, 1.88MB/s]
2026-04-20 16:41:36,054 ERROR Downloading (incomplete total...):  77%|#############################3        | 30.5G/39.5G [1:00:59<1:20:06, 1.88MB/s]
2026-04-20 16:41:49,915 ERROR Downloading (incomplete total...):  77%|#############################3        | 30.5G/39.5G [1:01:12<1:20:06, 1.88MB/s]
2026-04-20 16:41:53,665 ERROR Downloading (incomplete total...):  77%|#############################3        | 30.6G/39.5G [1:01:16<1:07:25, 2.21MB/s]
2026-04-20 16:41:53,665 ERROR Downloading (incomplete total...):  77%|##############################9         | 30.6G/39.5G [1:01:16<53:01, 2.82MB/s]
2026-04-20 16:41:53,665 ERROR Downloading (incomplete total...):  77%|##############################9         | 30.6G/39.5G [1:01:16<53:01, 2.82MB/s]
2026-04-20 16:41:57,864 ERROR Downloading (incomplete total...):  78%|###############################         | 30.6G/39.5G [1:01:20<39:37, 3.74MB/s]
2026-04-20 16:41:57,864 ERROR Downloading (incomplete total...):  78%|###############################         | 30.6G/39.5G [1:01:20<19:40, 7.53MB/s]
2026-04-20 16:41:57,864 ERROR Downloading (incomplete total...):  78%|###############################         | 30.6G/39.5G [1:01:20<19:40, 7.53MB/s]
2026-04-20 16:41:57,865 ERROR Downloading (incomplete total...):  78%|###############################         | 30.6G/39.5G [1:01:20<19:40, 7.53MB/s]
2026-04-20 16:42:09,935 ERROR Downloading (incomplete total...):  78%|###############################         | 30.6G/39.5G [1:01:32<19:40, 7.53MB/s]
2026-04-20 16:42:45,454 ERROR Downloading (incomplete total...):  78%|###############################         | 30.7G/39.5G [1:02:08<44:58, 3.27MB/s]
2026-04-20 16:42:50,373 ERROR Downloading (incomplete total...):  78%|###############################1        | 30.8G/39.5G [1:02:13<34:27, 4.24MB/s]
2026-04-20 16:42:52,265 ERROR Downloading (incomplete total...):  78%|###############################2        | 30.8G/39.5G [1:02:15<25:09, 5.76MB/s]
2026-04-20 16:42:52,265 ERROR Downloading (incomplete total...):  78%|###############################2        | 30.8G/39.5G [1:02:15<09:08, 15.8MB/s]
2026-04-20 16:42:52,265 ERROR Downloading (incomplete total...):  78%|###############################2        | 30.8G/39.5G [1:02:15<09:08, 15.8MB/s]
2026-04-20 16:42:52,265 ERROR Downloading (incomplete total...):  78%|###############################2        | 30.8G/39.5G [1:02:15<09:08, 15.8MB/s]
2026-04-20 16:42:52,265 ERROR Downloading (incomplete total...):  78%|###############################2        | 30.8G/39.5G [1:02:15<09:08, 15.8MB/s]
2026-04-20 16:43:09,991 ERROR Downloading (incomplete total...):  78%|###############################2        | 30.8G/39.5G [1:02:32<09:08, 15.8MB/s]
2026-04-20 16:43:12,466 ERROR Downloading (incomplete total...):  78%|###############################2        | 30.9G/39.5G [1:02:35<19:19, 7.43MB/s]
2026-04-20 16:43:12,466 ERROR Downloading (incomplete total...):  78%|###############################2        | 30.9G/39.5G [1:02:35<31:32, 4.56MB/s]
2026-04-20 16:43:12,466 ERROR Downloading (incomplete total...):  78%|###############################2        | 30.9G/39.5G [1:02:35<31:32, 4.56MB/s]
2026-04-20 16:43:30,014 ERROR Downloading (incomplete total...):  78%|###############################2        | 30.9G/39.5G [1:02:53<31:32, 4.56MB/s]
2026-04-20 16:43:51,296 ERROR Downloading (incomplete total...):  78%|###############################3        | 31.0G/39.5G [1:03:14<46:41, 3.05MB/s]
2026-04-20 16:44:09,255 ERROR Downloading (incomplete total...):  79%|###############################4        | 31.0G/39.5G [1:03:32<43:47, 3.23MB/s]
2026-04-20 16:44:20,065 ERROR Downloading (incomplete total...):  79%|###############################4        | 31.0G/39.5G [1:03:43<43:47, 3.23MB/s]
2026-04-20 16:44:45,664 ERROR Downloading (incomplete total...):  79%|###############################4        | 31.1G/39.5G [1:04:08<53:16, 2.63MB/s]
2026-04-20 16:44:54,455 ERROR Downloading (incomplete total...):  79%|###############################5        | 31.2G/39.5G [1:04:17<42:28, 3.28MB/s]
2026-04-20 16:44:54,456 ERROR Downloading (incomplete total...):  79%|###############################5        | 31.2G/39.5G [1:04:17<35:11, 3.96MB/s]
2026-04-20 16:45:10,104 ERROR Downloading (incomplete total...):  79%|###############################5        | 31.2G/39.5G [1:04:33<35:11, 3.96MB/s]
2026-04-20 16:45:29,975 ERROR Downloading (incomplete total...):  79%|###############################6        | 31.3G/39.5G [1:04:52<46:24, 2.98MB/s]
2026-04-20 16:45:38,264 ERROR Downloading (incomplete total...):  79%|###############################6        | 31.3G/39.5G [1:05:01<37:17, 3.67MB/s]
2026-04-20 16:45:38,264 ERROR Downloading (incomplete total...):  79%|###############################6        | 31.3G/39.5G [1:05:01<31:10, 4.39MB/s]
2026-04-20 16:45:50,135 ERROR Downloading (incomplete total...):  79%|###############################6        | 31.3G/39.5G [1:05:13<31:10, 4.39MB/s]
2026-04-20 16:46:10,475 ERROR Downloading (incomplete total...):  79%|###############################7        | 31.4G/39.5G [1:05:33<41:13, 3.30MB/s]
2026-04-20 16:46:10,476 ERROR Downloading (incomplete total...):  79%|###############################7        | 31.4G/39.5G [1:05:33<59:27, 2.29MB/s]
2026-04-20 16:46:10,476 ERROR Downloading (incomplete total...):  79%|###############################7        | 31.4G/39.5G [1:05:33<59:27, 2.29MB/s]
2026-04-20 16:46:10,476 ERROR Downloading (incomplete total...):  79%|###############################7        | 31.4G/39.5G [1:05:33<59:27, 2.29MB/s]
2026-04-20 16:46:10,476 ERROR Downloading (incomplete total...):  79%|###############################7        | 31.4G/39.5G [1:05:33<59:27, 2.29MB/s]
2026-04-20 16:46:25,083 ERROR Downloading (incomplete total...):  80%|###############################8        | 31.5G/39.5G [1:05:48<50:05, 2.69MB/s]
2026-04-20 16:46:32,656 ERROR Downloading (incomplete total...):  80%|###############################8        | 31.5G/39.5G [1:05:55<39:17, 3.40MB/s]
2026-04-20 16:46:32,656 ERROR Downloading (incomplete total...):  80%|###############################8        | 31.5G/39.5G [1:05:55<32:01, 4.17MB/s]
2026-04-20 16:46:38,455 ERROR Downloading (incomplete total...):  80%|###############################9        | 31.6G/39.5G [1:06:01<25:40, 5.16MB/s]
2026-04-20 16:46:38,456 ERROR Downloading (incomplete total...):  80%|###############################9        | 31.6G/39.5G [1:06:01<18:26, 7.19MB/s]
2026-04-20 16:46:38,456 ERROR Downloading (incomplete total...):  80%|###############################9        | 31.6G/39.5G [1:06:01<18:26, 7.19MB/s]
2026-04-20 16:46:50,185 ERROR Downloading (incomplete total...):  80%|###############################9        | 31.6G/39.5G [1:06:13<18:26, 7.19MB/s]
2026-04-20 16:47:14,064 ERROR Downloading (incomplete total...):  80%|################################        | 31.7G/39.5G [1:06:37<33:43, 3.90MB/s]
2026-04-20 16:47:14,064 ERROR Downloading (incomplete total...):  80%|##############################4       | 31.7G/39.5G [1:06:37<1:03:41, 2.06MB/s]
2026-04-20 16:47:14,065 ERROR Downloading (incomplete total...):  80%|##############################4       | 31.7G/39.5G [1:06:37<1:03:41, 2.06MB/s]
2026-04-20 16:47:14,065 ERROR Downloading (incomplete total...):  80%|##############################4       | 31.7G/39.5G [1:06:37<1:03:41, 2.06MB/s]
2026-04-20 16:47:14,065 ERROR Downloading (incomplete total...):  80%|##############################4       | 31.7G/39.5G [1:06:37<1:03:41, 2.06MB/s]
2026-04-20 16:47:14,065 ERROR Downloading (incomplete total...):  80%|##############################4       | 31.7G/39.5G [1:06:37<1:03:41, 2.06MB/s]
2026-04-20 16:47:30,237 ERROR Downloading (incomplete total...):  80%|##############################4       | 31.7G/39.5G [1:06:53<1:03:41, 2.06MB/s]
2026-04-20 16:48:15,767 ERROR Downloading (incomplete total...):  80%|##############################4       | 31.7G/39.5G [1:07:38<1:20:08, 1.63MB/s]
2026-04-20 16:48:20,455 ERROR Downloading (incomplete total...):  80%|################################1       | 31.8G/39.5G [1:07:43<58:20, 2.21MB/s]
2026-04-20 16:48:20,455 ERROR Downloading (incomplete total...):  80%|################################1       | 31.8G/39.5G [1:07:43<43:33, 2.97MB/s]
2026-04-20 16:48:29,667 ERROR Downloading (incomplete total...):  81%|################################2       | 31.9G/39.5G [1:07:52<35:30, 3.61MB/s]
2026-04-20 16:48:40,271 ERROR Downloading (incomplete total...):  81%|################################2       | 31.9G/39.5G [1:08:03<35:30, 3.61MB/s]
2026-04-20 16:48:51,284 ERROR Downloading (incomplete total...):  81%|################################2       | 31.9G/39.5G [1:08:14<36:54, 3.44MB/s]
2026-04-20 16:49:10,277 ERROR Downloading (incomplete total...):  81%|################################2       | 31.9G/39.5G [1:08:33<36:54, 3.44MB/s]
2026-04-20 16:49:12,262 ERROR Downloading (incomplete total...):  81%|################################3       | 32.0G/39.5G [1:08:35<37:25, 3.36MB/s]
2026-04-20 16:49:12,262 ERROR Downloading (incomplete total...):  81%|################################3       | 32.0G/39.5G [1:08:35<38:43, 3.25MB/s]
2026-04-20 16:49:12,263 ERROR Downloading (incomplete total...):  81%|################################3       | 32.0G/39.5G [1:08:35<38:43, 3.25MB/s]
2026-04-20 16:49:12,263 ERROR Downloading (incomplete total...):  81%|################################3       | 32.0G/39.5G [1:08:35<38:43, 3.25MB/s]
2026-04-20 16:49:30,285 ERROR Downloading (incomplete total...):  81%|################################3       | 32.0G/39.5G [1:08:53<38:43, 3.25MB/s]
2026-04-20 16:49:31,454 ERROR Downloading (incomplete total...):  81%|################################4       | 32.1G/39.5G [1:08:54<37:34, 3.32MB/s]
2026-04-20 16:49:31,454 ERROR Downloading (incomplete total...):  81%|################################4       | 32.1G/39.5G [1:08:54<37:01, 3.37MB/s]
2026-04-20 16:49:37,858 ERROR Downloading (incomplete total...):  81%|################################4       | 32.1G/39.5G [1:09:00<29:12, 4.23MB/s]
2026-04-20 16:49:37,858 ERROR Downloading (incomplete total...):  81%|################################4       | 32.1G/39.5G [1:09:00<20:19, 6.08MB/s]
2026-04-20 16:49:37,858 ERROR Downloading (incomplete total...):  81%|################################4       | 32.1G/39.5G [1:09:00<20:19, 6.08MB/s]
2026-04-20 16:49:48,277 ERROR Downloading (incomplete total...):  81%|################################5       | 32.2G/39.5G [1:09:11<19:48, 6.18MB/s]
2026-04-20 16:50:00,327 ERROR Downloading (incomplete total...):  81%|################################5       | 32.2G/39.5G [1:09:23<19:48, 6.18MB/s]
2026-04-20 16:50:34,572 ERROR Downloading (incomplete total...):  82%|################################6       | 32.3G/39.5G [1:09:57<38:52, 3.12MB/s]
2026-04-20 16:50:50,367 ERROR Downloading (incomplete total...):  82%|################################6       | 32.3G/39.5G [1:10:13<38:52, 3.12MB/s]
2026-04-20 16:50:59,064 ERROR Downloading (incomplete total...):  82%|################################7       | 32.3G/39.5G [1:10:22<40:08, 2.99MB/s]
2026-04-20 16:50:59,064 ERROR Downloading (incomplete total...):  82%|################################7       | 32.3G/39.5G [1:10:22<42:38, 2.82MB/s]
2026-04-20 16:50:59,064 ERROR Downloading (incomplete total...):  82%|################################7       | 32.3G/39.5G [1:10:22<42:38, 2.82MB/s]
2026-04-20 16:50:59,064 ERROR Downloading (incomplete total...):  82%|################################7       | 32.3G/39.5G [1:10:22<42:38, 2.82MB/s]
2026-04-20 16:51:10,378 ERROR Downloading (incomplete total...):  82%|################################7       | 32.3G/39.5G [1:10:33<42:38, 2.82MB/s]
2026-04-20 16:51:27,686 ERROR Downloading (incomplete total...):  82%|################################7       | 32.4G/39.5G [1:10:50<44:49, 2.66MB/s]
2026-04-20 16:51:40,404 ERROR Downloading (incomplete total...):  82%|################################7       | 32.4G/39.5G [1:11:03<44:49, 2.66MB/s]
2026-04-20 16:51:44,867 ERROR Downloading (incomplete total...):  82%|################################8       | 32.5G/39.5G [1:11:07<40:09, 2.94MB/s]
2026-04-20 16:51:44,867 ERROR Downloading (incomplete total...):  82%|################################8       | 32.5G/39.5G [1:11:07<35:06, 3.36MB/s]
2026-04-20 16:51:44,867 ERROR Downloading (incomplete total...):  82%|################################8       | 32.5G/39.5G [1:11:07<35:06, 3.36MB/s]
2026-04-20 16:51:59,056 ERROR Downloading (incomplete total...):  82%|################################9       | 32.5G/39.5G [1:11:22<31:45, 3.68MB/s]
2026-04-20 16:51:59,056 ERROR Downloading (incomplete total...):  82%|################################9       | 32.5G/39.5G [1:11:22<26:24, 4.42MB/s]
2026-04-20 16:51:59,057 ERROR Downloading (incomplete total...):  82%|################################9       | 32.5G/39.5G [1:11:22<26:24, 4.42MB/s]
2026-04-20 16:51:59,057 ERROR Downloading (incomplete total...):  82%|################################9       | 32.5G/39.5G [1:11:22<26:24, 4.42MB/s]
2026-04-20 16:51:59,057 ERROR Downloading (incomplete total...):  82%|################################9       | 32.5G/39.5G [1:11:22<26:24, 4.42MB/s]
2026-04-20 16:52:06,658 ERROR Downloading (incomplete total...):  82%|################################9       | 32.6G/39.5G [1:11:29<22:14, 5.20MB/s]
2026-04-20 16:52:06,658 ERROR Downloading (incomplete total...):  82%|################################9       | 32.6G/39.5G [1:11:29<17:35, 6.58MB/s]
2026-04-20 16:52:06,658 ERROR Downloading (incomplete total...):  82%|################################9       | 32.6G/39.5G [1:11:29<17:35, 6.58MB/s]
2026-04-20 16:52:17,674 ERROR Downloading (incomplete total...):  83%|#################################       | 32.7G/39.5G [1:11:40<17:50, 6.42MB/s]
2026-04-20 16:52:30,452 ERROR Downloading (incomplete total...):  83%|#################################       | 32.7G/39.5G [1:11:53<17:50, 6.42MB/s]
2026-04-20 16:52:40,065 ERROR Downloading (incomplete total...):  83%|#################################1      | 32.7G/39.5G [1:12:03<23:44, 4.78MB/s]
2026-04-20 16:52:40,065 ERROR Downloading (incomplete total...):  83%|#################################1      | 32.7G/39.5G [1:12:03<27:58, 4.06MB/s]
2026-04-20 16:52:50,452 ERROR Downloading (incomplete total...):  83%|#################################1      | 32.7G/39.5G [1:12:13<27:58, 4.06MB/s]
2026-04-20 16:53:03,783 ERROR Downloading (incomplete total...):  83%|#################################1      | 32.8G/39.5G [1:12:26<31:19, 3.59MB/s]
2026-04-20 16:53:20,468 ERROR Downloading (incomplete total...):  83%|#################################1      | 32.8G/39.5G [1:12:43<31:19, 3.59MB/s]
2026-04-20 16:53:33,058 ERROR Downloading (incomplete total...):  83%|#################################2      | 32.9G/39.5G [1:12:56<36:16, 3.07MB/s]
2026-04-20 16:53:33,058 ERROR Downloading (incomplete total...):  83%|#################################2      | 32.9G/39.5G [1:12:56<39:57, 2.78MB/s]
2026-04-20 16:53:50,506 ERROR Downloading (incomplete total...):  83%|#################################2      | 32.9G/39.5G [1:13:13<39:57, 2.78MB/s]
2026-04-20 16:54:09,090 ERROR Downloading (incomplete total...):  83%|#################################3      | 32.9G/39.5G [1:13:32<45:26, 2.42MB/s]
2026-04-20 16:54:20,522 ERROR Downloading (incomplete total...):  83%|#################################3      | 32.9G/39.5G [1:13:43<45:26, 2.42MB/s]
2026-04-20 16:54:40,859 ERROR Downloading (incomplete total...):  83%|#################################3      | 33.0G/39.5G [1:14:03<46:58, 2.32MB/s]
2026-04-20 16:54:40,859 ERROR Downloading (incomplete total...):  83%|#################################3      | 33.0G/39.5G [1:14:03<49:21, 2.21MB/s]
2026-04-20 16:54:40,860 ERROR Downloading (incomplete total...):  83%|#################################3      | 33.0G/39.5G [1:14:03<49:21, 2.21MB/s]
2026-04-20 16:54:42,657 ERROR Downloading (incomplete total...):  84%|#################################4      | 33.1G/39.5G [1:14:05<35:04, 3.08MB/s]
2026-04-20 16:54:42,657 ERROR Downloading (incomplete total...):  84%|#################################4      | 33.1G/39.5G [1:14:05<25:25, 4.25MB/s]
2026-04-20 16:54:45,470 ERROR Downloading (incomplete total...):  84%|#################################5      | 33.1G/39.5G [1:14:08<18:57, 5.64MB/s]
2026-04-20 16:54:52,858 ERROR Downloading (incomplete total...):  84%|#################################5      | 33.2G/39.5G [1:14:15<16:37, 6.36MB/s]
2026-04-20 16:54:52,858 ERROR Downloading (incomplete total...):  84%|#################################5      | 33.2G/39.5G [1:14:15<13:20, 7.92MB/s]
2026-04-20 16:54:52,858 ERROR Downloading (incomplete total...):  84%|#################################5      | 33.2G/39.5G [1:14:15<13:20, 7.92MB/s]
2026-04-20 16:54:52,858 ERROR Downloading (incomplete total...):  84%|#################################5      | 33.2G/39.5G [1:14:15<13:20, 7.92MB/s]
2026-04-20 16:55:10,566 ERROR Downloading (incomplete total...):  84%|#################################5      | 33.2G/39.5G [1:14:33<13:20, 7.92MB/s]
2026-04-20 16:55:23,176 ERROR Downloading (incomplete total...):  84%|#################################6      | 33.3G/39.5G [1:14:46<23:25, 4.46MB/s]
2026-04-20 16:55:40,600 ERROR Downloading (incomplete total...):  84%|#################################6      | 33.3G/39.5G [1:15:03<23:25, 4.46MB/s]
2026-04-20 16:55:52,462 ERROR Downloading (incomplete total...):  84%|#################################7      | 33.3G/39.5G [1:15:15<29:46, 3.48MB/s]
2026-04-20 16:56:10,624 ERROR Downloading (incomplete total...):  84%|#################################7      | 33.3G/39.5G [1:15:33<29:46, 3.48MB/s]
2026-04-20 16:56:24,262 ERROR Downloading (incomplete total...):  84%|#################################7      | 33.4G/39.5G [1:15:47<35:10, 2.91MB/s]
2026-04-20 16:56:24,262 ERROR Downloading (incomplete total...):  84%|#################################7      | 33.4G/39.5G [1:15:47<43:58, 2.33MB/s]
2026-04-20 16:56:24,262 ERROR Downloading (incomplete total...):  84%|#################################7      | 33.4G/39.5G [1:15:47<43:58, 2.33MB/s]
2026-04-20 16:56:24,263 ERROR Downloading (incomplete total...):  84%|#################################7      | 33.4G/39.5G [1:15:47<43:58, 2.33MB/s]
2026-04-20 16:56:40,656 ERROR Downloading (incomplete total...):  84%|#################################7      | 33.4G/39.5G [1:16:03<43:58, 2.33MB/s]
2026-04-20 16:56:56,487 ERROR Downloading (incomplete total...):  85%|#################################8      | 33.5G/39.5G [1:16:19<45:01, 2.25MB/s]
2026-04-20 16:57:04,274 ERROR Downloading (incomplete total...):  85%|#################################9      | 33.5G/39.5G [1:16:27<34:39, 2.89MB/s]
2026-04-20 16:57:10,067 ERROR Downloading (incomplete total...):  85%|#################################9      | 33.6G/39.5G [1:16:33<26:32, 3.73MB/s]
2026-04-20 16:57:10,067 ERROR Downloading (incomplete total...):  85%|#################################9      | 33.6G/39.5G [1:16:33<14:43, 6.73MB/s]
2026-04-20 16:57:10,068 ERROR Downloading (incomplete total...):  85%|#################################9      | 33.6G/39.5G [1:16:33<14:43, 6.73MB/s]
2026-04-20 16:57:10,068 ERROR Downloading (incomplete total...):  85%|#################################9      | 33.6G/39.5G [1:16:33<14:43, 6.73MB/s]
2026-04-20 16:57:17,458 ERROR Downloading (incomplete total...):  85%|##################################      | 33.7G/39.5G [1:16:40<13:25, 7.29MB/s]
2026-04-20 16:57:17,458 ERROR Downloading (incomplete total...):  85%|##################################      | 33.7G/39.5G [1:16:40<12:37, 7.75MB/s]
2026-04-20 16:57:30,706 ERROR Downloading (incomplete total...):  85%|##################################      | 33.7G/39.5G [1:16:53<12:37, 7.75MB/s]
2026-04-20 16:57:40,771 ERROR Downloading (incomplete total...):  85%|##################################1     | 33.7G/39.5G [1:17:03<18:49, 5.14MB/s]
2026-04-20 16:57:49,859 ERROR Downloading (incomplete total...):  85%|##################################1     | 33.8G/39.5G [1:17:12<16:54, 5.65MB/s]
2026-04-20 16:58:00,714 ERROR Downloading (incomplete total...):  85%|##################################1     | 33.8G/39.5G [1:17:23<16:54, 5.65MB/s]
2026-04-20 16:59:03,862 ERROR Downloading (incomplete total...):  86%|##################################2     | 33.9G/39.5G [1:18:26<42:59, 2.20MB/s]
2026-04-20 16:59:03,862 ERROR Downloading (incomplete total...):  86%|################################5     | 33.9G/39.5G [1:18:26<1:01:22, 1.54MB/s]
2026-04-20 16:59:14,261 ERROR Downloading (incomplete total...):  86%|##################################3     | 33.9G/39.5G [1:18:37<46:48, 2.00MB/s]
2026-04-20 16:59:14,261 ERROR Downloading (incomplete total...):  86%|##################################3     | 33.9G/39.5G [1:18:37<37:06, 2.52MB/s]
2026-04-20 16:59:22,891 ERROR Downloading (incomplete total...):  86%|##################################3     | 34.0G/39.5G [1:18:45<29:13, 3.16MB/s]
2026-04-20 16:59:35,072 ERROR Downloading (incomplete total...):  86%|##################################4     | 34.1G/39.5G [1:18:58<25:10, 3.62MB/s]
2026-04-20 16:59:35,072 ERROR Downloading (incomplete total...):  86%|##################################4     | 34.1G/39.5G [1:18:58<19:30, 4.67MB/s]
2026-04-20 16:59:35,072 ERROR Downloading (incomplete total...):  86%|##################################4     | 34.1G/39.5G [1:18:58<19:30, 4.67MB/s]
2026-04-20 16:59:35,072 ERROR Downloading (incomplete total...):  86%|##################################4     | 34.1G/39.5G [1:18:58<19:30, 4.67MB/s]
2026-04-20 16:59:44,859 ERROR Downloading (incomplete total...):  86%|##################################5     | 34.1G/39.5G [1:19:07<17:25, 5.17MB/s]
2026-04-20 16:59:44,860 ERROR Downloading (incomplete total...):  86%|##################################5     | 34.1G/39.5G [1:19:07<16:08, 5.58MB/s]
2026-04-20 16:59:59,659 ERROR Downloading (incomplete total...):  87%|##################################6     | 34.2G/39.5G [1:19:22<17:02, 5.22MB/s]
2026-04-20 17:00:10,826 ERROR Downloading (incomplete total...):  87%|##################################6     | 34.2G/39.5G [1:19:33<17:02, 5.22MB/s]
2026-04-20 17:00:14,773 ERROR Downloading (incomplete total...):  87%|##################################6     | 34.3G/39.5G [1:19:37<17:42, 4.96MB/s]
2026-04-20 17:00:30,841 ERROR Downloading (incomplete total...):  87%|##################################6     | 34.3G/39.5G [1:19:53<17:42, 4.96MB/s]
2026-04-20 17:01:20,471 ERROR Downloading (incomplete total...):  87%|##################################7     | 34.3G/39.5G [1:20:43<37:43, 2.30MB/s]
2026-04-20 17:01:20,471 ERROR Downloading (incomplete total...):  87%|##################################7     | 34.3G/39.5G [1:20:43<51:53, 1.67MB/s]
2026-04-20 17:01:27,467 ERROR Downloading (incomplete total...):  87%|##################################8     | 34.4G/39.5G [1:20:50<38:31, 2.22MB/s]
2026-04-20 17:01:27,467 ERROR Downloading (incomplete total...):  87%|##################################8     | 34.4G/39.5G [1:20:50<29:38, 2.89MB/s]
2026-04-20 17:01:40,880 ERROR Downloading (incomplete total...):  87%|##################################8     | 34.4G/39.5G [1:21:03<29:38, 2.89MB/s]
2026-04-20 17:02:01,301 ERROR Downloading (incomplete total...):  87%|##################################8     | 34.5G/39.5G [1:21:24<33:15, 2.54MB/s]
2026-04-20 17:02:08,882 ERROR Downloading (incomplete total...):  87%|##################################9     | 34.5G/39.5G [1:21:31<25:48, 3.23MB/s]
2026-04-20 17:02:15,073 ERROR Downloading (incomplete total...):  88%|###################################     | 34.6G/39.5G [1:21:38<20:06, 4.09MB/s]
2026-04-20 17:02:15,073 ERROR Downloading (incomplete total...):  88%|###################################     | 34.6G/39.5G [1:21:38<10:35, 7.76MB/s]
2026-04-20 17:02:15,074 ERROR Downloading (incomplete total...):  88%|###################################     | 34.6G/39.5G [1:21:38<10:35, 7.76MB/s]
2026-04-20 17:02:15,074 ERROR Downloading (incomplete total...):  88%|###################################     | 34.6G/39.5G [1:21:38<10:35, 7.76MB/s]
2026-04-20 17:02:15,074 ERROR Downloading (incomplete total...):  88%|###################################     | 34.6G/39.5G [1:21:38<10:35, 7.76MB/s]
2026-04-20 17:02:15,266 ERROR Downloading (incomplete total...):  88%|###################################     | 34.7G/39.5G [1:21:38<07:23, 11.0MB/s]
2026-04-20 17:02:21,265 ERROR Downloading (incomplete total...):  88%|###################################1    | 34.7G/39.5G [1:21:44<07:14, 11.0MB/s]
2026-04-20 17:02:21,265 ERROR Downloading (incomplete total...):  88%|###################################1    | 34.7G/39.5G [1:21:44<07:11, 11.1MB/s]
2026-04-20 17:02:21,265 ERROR Downloading (incomplete total...):  88%|###################################1    | 34.7G/39.5G [1:21:44<07:11, 11.1MB/s]
2026-04-20 17:02:21,265 ERROR Downloading (incomplete total...):  88%|###################################1    | 34.7G/39.5G [1:21:44<07:11, 11.1MB/s]
2026-04-20 17:02:40,377 ERROR Downloading (incomplete total...):  88%|###################################2    | 34.8G/39.5G [1:22:03<11:42, 6.74MB/s]
2026-04-20 17:02:50,919 ERROR Downloading (incomplete total...):  88%|###################################2    | 34.8G/39.5G [1:22:13<11:42, 6.74MB/s]
2026-04-20 17:04:11,264 ERROR Downloading (incomplete total...):  88%|###################################2    | 34.9G/39.5G [1:23:34<39:41, 1.96MB/s]
2026-04-20 17:04:11,264 ERROR Downloading (incomplete total...):  88%|###################################2    | 34.9G/39.5G [1:23:34<59:23, 1.31MB/s]
2026-04-20 17:04:15,076 ERROR Downloading (incomplete total...):  88%|###################################3    | 34.9G/39.5G [1:23:38<42:17, 1.81MB/s]
2026-04-20 17:04:15,077 ERROR Downloading (incomplete total...):  88%|###################################3    | 34.9G/39.5G [1:23:38<22:57, 3.34MB/s]
2026-04-20 17:04:15,077 ERROR Downloading (incomplete total...):  88%|###################################3    | 34.9G/39.5G [1:23:38<22:57, 3.34MB/s]
2026-04-20 17:04:31,035 ERROR Downloading (incomplete total...):  88%|###################################3    | 34.9G/39.5G [1:23:54<22:57, 3.34MB/s]
2026-04-20 17:04:36,077 ERROR Downloading (incomplete total...):  89%|###################################4    | 35.0G/39.5G [1:23:59<22:56, 3.29MB/s]
2026-04-20 17:04:36,077 ERROR Downloading (incomplete total...):  89%|###################################4    | 35.0G/39.5G [1:23:59<23:25, 3.22MB/s]
2026-04-20 17:04:36,077 ERROR Downloading (incomplete total...):  89%|###################################4    | 35.0G/39.5G [1:23:59<23:25, 3.22MB/s]
2026-04-20 17:04:36,077 ERROR Downloading (incomplete total...):  89%|###################################4    | 35.0G/39.5G [1:23:59<23:25, 3.22MB/s]
2026-04-20 17:04:51,051 ERROR Downloading (incomplete total...):  89%|###################################4    | 35.0G/39.5G [1:24:14<23:25, 3.22MB/s]
2026-04-20 17:04:53,667 ERROR Downloading (incomplete total...):  89%|###################################4    | 35.1G/39.5G [1:24:16<22:00, 3.38MB/s]
2026-04-20 17:04:53,667 ERROR Downloading (incomplete total...):  89%|###################################4    | 35.1G/39.5G [1:24:16<21:15, 3.50MB/s]
2026-04-20 17:05:01,471 ERROR Downloading (incomplete total...):  89%|###################################5    | 35.1G/39.5G [1:24:24<17:12, 4.26MB/s]
2026-04-20 17:05:01,471 ERROR Downloading (incomplete total...):  89%|###################################5    | 35.1G/39.5G [1:24:24<10:36, 6.91MB/s]
2026-04-20 17:05:01,472 ERROR Downloading (incomplete total...):  89%|###################################5    | 35.1G/39.5G [1:24:24<10:36, 6.91MB/s]
2026-04-20 17:05:01,472 ERROR Downloading (incomplete total...):  89%|###################################5    | 35.1G/39.5G [1:24:24<10:36, 6.91MB/s]
2026-04-20 17:05:01,472 ERROR Downloading (incomplete total...):  89%|###################################5    | 35.1G/39.5G [1:24:24<10:36, 6.91MB/s]
2026-04-20 17:05:04,872 ERROR Downloading (incomplete total...):  89%|###################################6    | 35.2G/39.5G [1:24:27<08:24, 8.58MB/s]
2026-04-20 17:05:12,982 ERROR Downloading (incomplete total...):  89%|###################################6    | 35.3G/39.5G [1:24:35<08:22, 8.48MB/s]
2026-04-20 17:05:24,892 ERROR Downloading (incomplete total...):  89%|###################################7    | 35.3G/39.5G [1:24:47<09:29, 7.36MB/s]
2026-04-20 17:05:41,082 ERROR Downloading (incomplete total...):  89%|###################################7    | 35.3G/39.5G [1:25:04<09:29, 7.36MB/s]
2026-04-20 17:06:47,274 ERROR Downloading (incomplete total...):  90%|###################################8    | 35.4G/39.5G [1:26:10<31:54, 2.16MB/s]
2026-04-20 17:06:55,466 ERROR Downloading (incomplete total...):  90%|###################################8    | 35.5G/39.5G [1:26:18<24:26, 2.77MB/s]
2026-04-20 17:06:55,467 ERROR Downloading (incomplete total...):  90%|###################################8    | 35.5G/39.5G [1:26:18<16:11, 4.18MB/s]
2026-04-20 17:06:55,467 ERROR Downloading (incomplete total...):  90%|###################################8    | 35.5G/39.5G [1:26:18<16:11, 4.18MB/s]
2026-04-20 17:07:10,474 ERROR Downloading (incomplete total...):  90%|###################################9    | 35.5G/39.5G [1:26:33<15:37, 4.26MB/s]
2026-04-20 17:07:21,172 ERROR Downloading (incomplete total...):  90%|###################################9    | 35.5G/39.5G [1:26:44<15:37, 4.26MB/s]
2026-04-20 17:07:27,671 ERROR Downloading (incomplete total...):  90%|####################################    | 35.6G/39.5G [1:26:50<15:47, 4.15MB/s]
2026-04-20 17:07:33,576 ERROR Downloading (incomplete total...):  90%|####################################    | 35.7G/39.5G [1:26:56<12:33, 5.12MB/s]
2026-04-20 17:07:41,466 ERROR Downloading (incomplete total...):  90%|####################################1   | 35.7G/39.5G [1:27:04<10:52, 5.82MB/s]
2026-04-20 17:07:41,466 ERROR Downloading (incomplete total...):  90%|####################################1   | 35.7G/39.5G [1:27:04<09:07, 6.93MB/s]
2026-04-20 17:07:41,467 ERROR Downloading (incomplete total...):  90%|####################################1   | 35.7G/39.5G [1:27:04<09:07, 6.93MB/s]
2026-04-20 17:08:01,206 ERROR Downloading (incomplete total...):  90%|####################################1   | 35.7G/39.5G [1:27:24<09:07, 6.93MB/s]
2026-04-20 17:08:04,864 ERROR Downloading (incomplete total...):  91%|####################################2   | 35.8G/39.5G [1:27:27<12:46, 4.86MB/s]
2026-04-20 17:08:04,864 ERROR Downloading (incomplete total...):  91%|####################################2   | 35.8G/39.5G [1:27:27<19:31, 3.18MB/s]
2026-04-20 17:08:04,864 ERROR Downloading (incomplete total...):  91%|####################################2   | 35.8G/39.5G [1:27:27<19:31, 3.18MB/s]
2026-04-20 17:08:04,864 ERROR Downloading (incomplete total...):  91%|####################################2   | 35.8G/39.5G [1:27:27<19:31, 3.18MB/s]
2026-04-20 17:08:04,864 ERROR Downloading (incomplete total...):  91%|####################################2   | 35.8G/39.5G [1:27:27<19:31, 3.18MB/s]
2026-04-20 17:08:21,226 ERROR Downloading (incomplete total...):  91%|####################################2   | 35.8G/39.5G [1:27:44<19:31, 3.18MB/s]
2026-04-20 17:08:43,693 ERROR Downloading (incomplete total...):  91%|####################################2   | 35.9G/39.5G [1:28:06<24:01, 2.54MB/s]
2026-04-20 17:09:01,275 ERROR Downloading (incomplete total...):  91%|####################################2   | 35.9G/39.5G [1:28:24<24:01, 2.54MB/s]
2026-04-20 17:09:22,467 ERROR Downloading (incomplete total...):  91%|####################################3   | 35.9G/39.5G [1:28:45<26:53, 2.23MB/s]
2026-04-20 17:09:22,468 ERROR Downloading (incomplete total...):  91%|####################################3   | 35.9G/39.5G [1:28:45<31:57, 1.87MB/s]
2026-04-20 17:09:22,468 ERROR Downloading (incomplete total...):  91%|####################################3   | 35.9G/39.5G [1:28:45<31:57, 1.87MB/s]
2026-04-20 17:09:22,468 ERROR Downloading (incomplete total...):  91%|####################################3   | 35.9G/39.5G [1:28:45<31:57, 1.87MB/s]
2026-04-20 17:09:32,666 ERROR Downloading (incomplete total...):  91%|####################################4   | 36.0G/39.5G [1:28:55<24:38, 2.39MB/s]
2026-04-20 17:09:50,079 ERROR Downloading (incomplete total...):  91%|####################################5   | 36.1G/39.5G [1:29:13<21:24, 2.69MB/s]
2026-04-20 17:09:50,080 ERROR Downloading (incomplete total...):  91%|####################################5   | 36.1G/39.5G [1:29:13<16:02, 3.59MB/s]
2026-04-20 17:09:50,080 ERROR Downloading (incomplete total...):  91%|####################################5   | 36.1G/39.5G [1:29:13<16:02, 3.59MB/s]
2026-04-20 17:09:50,080 ERROR Downloading (incomplete total...):  91%|####################################5   | 36.1G/39.5G [1:29:13<16:02, 3.59MB/s]
2026-04-20 17:09:50,080 ERROR Downloading (incomplete total...):  91%|####################################5   | 36.1G/39.5G [1:29:13<16:02, 3.59MB/s]
2026-04-20 17:09:50,081 ERROR Downloading (incomplete total...):  91%|####################################5   | 36.1G/39.5G [1:29:13<16:02, 3.59MB/s]
2026-04-20 17:10:01,184 ERROR Downloading (incomplete total...):  91%|####################################5   | 36.1G/39.5G [1:29:24<13:49, 4.09MB/s]
2026-04-20 17:10:11,347 ERROR Downloading (incomplete total...):  91%|####################################5   | 36.1G/39.5G [1:29:34<13:49, 4.09MB/s]
2026-04-20 17:10:13,872 ERROR Downloading (incomplete total...):  92%|####################################6   | 36.2G/39.5G [1:29:36<12:37, 4.39MB/s]
2026-04-20 17:10:13,872 ERROR Downloading (incomplete total...):  92%|####################################6   | 36.2G/39.5G [1:29:36<11:31, 4.81MB/s]
2026-04-20 17:10:13,872 ERROR Downloading (incomplete total...):  92%|####################################6   | 36.2G/39.5G [1:29:36<11:31, 4.81MB/s]
2026-04-20 17:10:31,363 ERROR Downloading (incomplete total...):  92%|####################################6   | 36.2G/39.5G [1:29:54<11:31, 4.81MB/s]
2026-04-20 17:10:46,272 ERROR Downloading (incomplete total...):  92%|####################################7   | 36.3G/39.5G [1:30:09<15:46, 3.44MB/s]
2026-04-20 17:11:01,397 ERROR Downloading (incomplete total...):  92%|####################################7   | 36.3G/39.5G [1:30:24<15:46, 3.44MB/s]
2026-04-20 17:11:12,073 ERROR Downloading (incomplete total...):  92%|####################################7   | 36.3G/39.5G [1:30:35<16:56, 3.14MB/s]
2026-04-20 17:11:12,074 ERROR Downloading (incomplete total...):  92%|####################################7   | 36.3G/39.5G [1:30:35<19:14, 2.76MB/s]
2026-04-20 17:11:12,074 ERROR Downloading (incomplete total...):  92%|####################################7   | 36.3G/39.5G [1:30:35<19:14, 2.76MB/s]
2026-04-20 17:11:12,075 ERROR Downloading (incomplete total...):  92%|####################################7   | 36.3G/39.5G [1:30:35<19:14, 2.76MB/s]
2026-04-20 17:11:31,418 ERROR Downloading (incomplete total...):  92%|####################################7   | 36.3G/39.5G [1:30:54<19:14, 2.76MB/s]
2026-04-20 17:11:48,707 ERROR Downloading (incomplete total...):  92%|####################################8   | 36.4G/39.5G [1:31:11<21:42, 2.40MB/s]
2026-04-20 17:11:55,877 ERROR Downloading (incomplete total...):  92%|####################################8   | 36.4G/39.5G [1:31:18<20:12, 2.55MB/s]
2026-04-20 17:11:55,877 ERROR Downloading (incomplete total...):  92%|####################################8   | 36.4G/39.5G [1:31:18<17:43, 2.91MB/s]
2026-04-20 17:11:55,877 ERROR Downloading (incomplete total...):  92%|####################################8   | 36.4G/39.5G [1:31:18<17:43, 2.91MB/s]
2026-04-20 17:12:03,490 ERROR Downloading (incomplete total...):  92%|####################################9   | 36.5G/39.5G [1:31:26<12:35, 4.01MB/s]
2026-04-20 17:12:10,067 ERROR Downloading (incomplete total...):  93%|#####################################   | 36.6G/39.5G [1:31:33<09:33, 5.16MB/s]
2026-04-20 17:12:10,067 ERROR Downloading (incomplete total...):  93%|#####################################   | 36.6G/39.5G [1:31:33<06:54, 7.14MB/s]
2026-04-20 17:12:10,067 ERROR Downloading (incomplete total...):  93%|#####################################   | 36.6G/39.5G [1:31:33<06:54, 7.14MB/s]
2026-04-20 17:12:19,591 ERROR Downloading (incomplete total...):  93%|#####################################   | 36.6G/39.5G [1:31:42<06:47, 7.11MB/s]
2026-04-20 17:12:21,871 ERROR Downloading (incomplete total...):  93%|#####################################1  | 36.7G/39.5G [1:31:44<05:02, 9.33MB/s]
2026-04-20 17:12:21,872 ERROR Downloading (incomplete total...):  93%|#####################################1  | 36.7G/39.5G [1:31:44<03:58, 11.8MB/s]
2026-04-20 17:12:39,870 ERROR Downloading (incomplete total...):  93%|#####################################2  | 36.8G/39.5G [1:32:02<06:28, 7.10MB/s]
2026-04-20 17:12:39,870 ERROR Downloading (incomplete total...):  93%|#####################################2  | 36.8G/39.5G [1:32:02<09:30, 4.84MB/s]
2026-04-20 17:12:39,870 ERROR Downloading (incomplete total...):  93%|#####################################2  | 36.8G/39.5G [1:32:02<09:30, 4.84MB/s]
2026-04-20 17:12:51,498 ERROR Downloading (incomplete total...):  93%|#####################################2  | 36.8G/39.5G [1:32:14<09:30, 4.84MB/s]
2026-04-20 17:13:23,467 ERROR Downloading (incomplete total...):  93%|#####################################2  | 36.8G/39.5G [1:32:46<18:31, 2.45MB/s]
2026-04-20 17:13:24,029 ERROR Downloading (incomplete total...):  83%|#################################       | 36.8G/44.5G [1:32:47<52:09, 2.45MB/s]
2026-04-20 17:13:41,550 ERROR Downloading (incomplete total...):  83%|#################################       | 36.8G/44.5G [1:33:04<52:09, 2.45MB/s]
2026-04-20 17:14:16,877 ERROR Downloading (incomplete total...):  83%|###############################4      | 36.9G/44.5G [1:33:39<1:08:30, 1.85MB/s]
2026-04-20 17:14:16,878 ERROR Downloading (incomplete total...):  83%|###############################4      | 36.9G/44.5G [1:33:39<1:19:09, 1.60MB/s]
2026-04-20 17:14:24,868 ERROR Downloading (incomplete total...):  83%|#################################2      | 36.9G/44.5G [1:33:47<58:15, 2.16MB/s]
2026-04-20 17:14:40,085 ERROR Downloading (incomplete total...):  83%|#################################2      | 37.0G/44.5G [1:34:03<48:32, 2.57MB/s]
2026-04-20 17:14:48,983 ERROR Downloading (incomplete total...):  83%|#################################3      | 37.1G/44.5G [1:34:11<38:18, 3.23MB/s]
2026-04-20 17:14:59,698 ERROR Downloading (incomplete total...):  83%|#################################3      | 37.1G/44.5G [1:34:22<32:20, 3.79MB/s]
2026-04-20 17:15:08,071 ERROR Downloading (incomplete total...):  84%|#################################4      | 37.2G/44.5G [1:34:31<26:54, 4.51MB/s]
2026-04-20 17:15:20,666 ERROR Downloading (incomplete total...):  84%|#################################5      | 37.3G/44.5G [1:34:43<25:25, 4.73MB/s]
2026-04-20 17:15:20,667 ERROR Downloading (incomplete total...):  84%|#################################5      | 37.3G/44.5G [1:34:43<24:34, 4.89MB/s]
2026-04-20 17:15:31,643 ERROR Downloading (incomplete total...):  84%|#################################5      | 37.3G/44.5G [1:34:54<24:34, 4.89MB/s]
2026-04-20 17:16:29,635 ERROR Downloading (incomplete total...):  84%|#################################5      | 37.3G/44.5G [1:35:52<53:57, 2.21MB/s]
2026-04-20 17:16:41,677 ERROR Downloading (incomplete total...):  84%|#################################5      | 37.3G/44.5G [1:36:04<53:57, 2.21MB/s]
2026-04-20 17:16:56,080 ERROR Downloading (incomplete total...):  84%|#################################6      | 37.4G/44.5G [1:36:19<51:21, 2.30MB/s]
2026-04-20 17:17:06,984 ERROR Downloading (incomplete total...):  84%|#################################7      | 37.5G/44.5G [1:36:29<36:47, 3.16MB/s]
2026-04-20 17:17:06,997 ERROR Fetching 12 files:   8%|####7                                                    | 1/12 [1:36:29<17:41:29, 5789.98s/it]
2026-04-20 17:17:06,997 ERROR [A
2026-04-20 17:17:07,299 ERROR Downloading (incomplete total...):  76%|############################8         | 37.5G/49.4G [1:36:30<1:02:53, 3.16MB/s]
2026-04-20 17:17:15,672 ERROR Downloading (incomplete total...):  76%|##############################3         | 37.6G/49.4G [1:36:38<52:18, 3.78MB/s]
2026-04-20 17:17:18,070 ERROR Downloading (incomplete total...):  76%|##############################4         | 37.6G/49.4G [1:36:41<39:14, 5.01MB/s]
2026-04-20 17:17:31,703 ERROR Downloading (incomplete total...):  76%|##############################4         | 37.6G/49.4G [1:36:54<39:14, 5.01MB/s]
2026-04-20 17:17:53,282 ERROR Downloading (incomplete total...):  76%|##############################5         | 37.7G/49.4G [1:37:16<57:25, 3.41MB/s]
2026-04-20 17:17:53,282 ERROR Downloading (incomplete total...):  76%|############################9         | 37.7G/49.4G [1:37:16<1:20:06, 2.44MB/s]
2026-04-20 17:17:53,283 ERROR Downloading (incomplete total...):  76%|############################9         | 37.7G/49.4G [1:37:16<1:20:06, 2.44MB/s]
2026-04-20 17:17:53,472 ERROR Downloading (incomplete total...):  76%|##############################5         | 37.8G/49.4G [1:37:16<56:13, 3.46MB/s]
2026-04-20 17:18:11,728 ERROR Downloading (incomplete total...):  76%|##############################5         | 37.8G/49.4G [1:37:34<56:13, 3.46MB/s]
2026-04-20 17:18:19,907 ERROR Downloading (incomplete total...):  77%|#############################         | 37.8G/49.4G [1:37:42<1:01:56, 3.12MB/s]
2026-04-20 17:18:31,740 ERROR Downloading (incomplete total...):  77%|#############################         | 37.8G/49.4G [1:37:54<1:01:56, 3.12MB/s]
2026-04-20 17:19:34,885 ERROR Downloading (incomplete total...):  77%|#############################1        | 37.9G/49.4G [1:38:57<1:51:16, 1.73MB/s]
2026-04-20 17:19:34,892 ERROR Fetching 12 files:  17%|#########6                                                | 2/12 [1:38:57<6:51:51, 2471.11s/it]
2026-04-20 17:19:34,892 ERROR [A
2026-04-20 17:19:35,286 ERROR Downloading (incomplete total...):  70%|##########################4           | 37.9G/54.4G [1:38:58<2:39:01, 1.73MB/s]
2026-04-20 17:19:39,286 ERROR Downloading (incomplete total...):  70%|##########################5           | 38.0G/54.4G [1:39:02<1:55:25, 2.37MB/s]
2026-04-20 17:19:51,804 ERROR Downloading (incomplete total...):  70%|##########################5           | 38.0G/54.4G [1:39:14<1:55:25, 2.37MB/s]
2026-04-20 17:20:05,081 ERROR Downloading (incomplete total...):  70%|##########################5           | 38.0G/54.4G [1:39:28<1:51:54, 2.44MB/s]
2026-04-20 17:20:07,103 ERROR Downloading (incomplete total...):  70%|##########################6           | 38.1G/54.4G [1:39:30<1:20:10, 3.39MB/s]
2026-04-20 17:20:21,831 ERROR Downloading (incomplete total...):  70%|##########################6           | 38.1G/54.4G [1:39:44<1:20:10, 3.39MB/s]
2026-04-20 17:20:37,672 ERROR Downloading (incomplete total...):  70%|##########################6           | 38.2G/54.4G [1:40:00<1:32:57, 2.91MB/s]
2026-04-20 17:20:39,273 ERROR Downloading (incomplete total...):  70%|##########################7           | 38.2G/54.4G [1:40:02<1:06:35, 4.05MB/s]
2026-04-20 17:20:39,273 ERROR Downloading (incomplete total...):  70%|############################1           | 38.2G/54.4G [1:40:02<35:50, 7.52MB/s]
2026-04-20 17:20:39,273 ERROR Downloading (incomplete total...):  70%|############################1           | 38.2G/54.4G [1:40:02<35:50, 7.52MB/s]
2026-04-20 17:20:48,888 ERROR Downloading (incomplete total...):  70%|############################1           | 38.3G/54.4G [1:40:11<46:30, 5.79MB/s]
2026-04-20 17:20:48,889 ERROR Downloading (incomplete total...):  70%|############################1           | 38.3G/54.4G [1:40:11<58:13, 4.62MB/s]
2026-04-20 17:21:01,848 ERROR Downloading (incomplete total...):  70%|############################1           | 38.3G/54.4G [1:40:24<58:13, 4.62MB/s]
2026-04-20 17:21:37,106 ERROR Downloading (incomplete total...):  70%|##########################7           | 38.3G/54.4G [1:41:00<1:52:06, 2.39MB/s]
2026-04-20 17:21:51,897 ERROR Downloading (incomplete total...):  70%|##########################7           | 38.3G/54.4G [1:41:14<1:52:06, 2.39MB/s]
2026-04-20 17:22:02,893 ERROR Downloading (incomplete total...):  71%|##########################8           | 38.4G/54.4G [1:41:25<1:48:21, 2.46MB/s]
2026-04-20 17:22:21,931 ERROR Downloading (incomplete total...):  71%|##########################8           | 38.4G/54.4G [1:41:44<1:48:21, 2.46MB/s]
2026-04-20 17:22:38,087 ERROR Downloading (incomplete total...):  71%|##########################8           | 38.4G/54.4G [1:42:01<2:18:45, 1.92MB/s]
2026-04-20 17:22:38,089 ERROR Downloading (incomplete total...):  71%|##########################8           | 38.4G/54.4G [1:42:01<3:19:10, 1.34MB/s]
2026-04-20 17:22:38,089 ERROR Downloading (incomplete total...):  71%|##########################8           | 38.4G/54.4G [1:42:01<3:19:10, 1.34MB/s]
2026-04-20 17:22:38,089 ERROR Downloading (incomplete total...):  71%|##########################8           | 38.4G/54.4G [1:42:01<3:19:10, 1.34MB/s]
2026-04-20 17:22:38,431 ERROR Downloading (incomplete total...):  70%|##########################6           | 38.4G/54.9G [1:42:01<3:24:56, 1.34MB/s]
2026-04-20 17:22:43,912 ERROR Downloading (incomplete total...):  70%|##########################6           | 38.5G/54.9G [1:42:06<2:11:43, 2.07MB/s]
2026-04-20 17:22:57,502 ERROR Downloading (incomplete total...):  70%|##########################7           | 38.6G/54.9G [1:42:20<1:43:29, 2.63MB/s]
2026-04-20 17:23:06,084 ERROR Downloading (incomplete total...):  70%|##########################7           | 38.6G/54.9G [1:42:29<1:19:37, 3.40MB/s]
2026-04-20 17:23:11,676 ERROR Downloading (incomplete total...):  71%|##########################8           | 38.7G/54.9G [1:42:34<1:00:39, 4.44MB/s]
2026-04-20 17:23:11,676 ERROR Downloading (incomplete total...):  71%|############################2           | 38.7G/54.9G [1:42:34<48:27, 5.56MB/s]
2026-04-20 17:23:21,982 ERROR Downloading (incomplete total...):  71%|############################2           | 38.7G/54.9G [1:42:44<48:27, 5.56MB/s]
2026-04-20 17:23:30,054 ERROR Downloading (incomplete total...):  71%|############################3           | 38.9G/54.9G [1:42:53<35:31, 7.50MB/s]
2026-04-20 17:23:42,003 ERROR Downloading (incomplete total...):  71%|############################3           | 38.9G/54.9G [1:43:04<35:31, 7.50MB/s]
2026-04-20 17:23:54,253 ERROR Downloading (incomplete total...):  71%|############################3           | 38.9G/54.9G [1:43:17<59:47, 4.45MB/s]
2026-04-20 17:24:12,026 ERROR Downloading (incomplete total...):  71%|############################3           | 38.9G/54.9G [1:43:35<59:47, 4.45MB/s]
2026-04-20 17:24:15,887 ERROR Downloading (incomplete total...):  71%|##########################9           | 39.0G/54.9G [1:43:38<1:06:46, 3.97MB/s]
2026-04-20 17:24:32,030 ERROR Downloading (incomplete total...):  71%|##########################9           | 39.0G/54.9G [1:43:55<1:06:46, 3.97MB/s]
2026-04-20 17:24:47,506 ERROR Downloading (incomplete total...):  71%|###########################           | 39.0G/54.9G [1:44:10<1:23:00, 3.18MB/s]
2026-04-20 17:25:02,057 ERROR Downloading (incomplete total...):  71%|###########################           | 39.0G/54.9G [1:44:25<1:23:00, 3.18MB/s]
2026-04-20 17:25:22,517 ERROR Downloading (incomplete total...):  71%|###########################           | 39.1G/54.9G [1:44:45<1:38:27, 2.67MB/s]
2026-04-20 17:25:22,517 ERROR Downloading (incomplete total...):  71%|###########################           | 39.1G/54.9G [1:44:45<1:49:48, 2.39MB/s]
2026-04-20 17:25:26,884 ERROR Downloading (incomplete total...):  71%|###########################1          | 39.2G/54.9G [1:44:49<1:22:07, 3.19MB/s]
2026-04-20 17:25:42,087 ERROR Downloading (incomplete total...):  71%|###########################1          | 39.2G/54.9G [1:45:05<1:22:07, 3.19MB/s]
2026-04-20 17:25:50,294 ERROR Downloading (incomplete total...):  72%|###########################1          | 39.2G/54.9G [1:45:13<1:24:28, 3.08MB/s]
2026-04-20 17:26:02,091 ERROR Downloading (incomplete total...):  72%|###########################1          | 39.2G/54.9G [1:45:25<1:24:28, 3.08MB/s]
2026-04-20 17:26:02,837 ERROR Downloading (incomplete total...):  72%|###########################2          | 39.3G/54.9G [1:45:25<1:13:32, 3.53MB/s]
2026-04-20 17:26:07,880 ERROR Downloading (incomplete total...):  72%|############################7           | 39.4G/54.9G [1:45:30<57:10, 4.52MB/s]
2026-04-20 17:26:07,880 ERROR Downloading (incomplete total...):  72%|############################7           | 39.4G/54.9G [1:45:30<45:53, 5.63MB/s]
2026-04-20 17:26:16,303 ERROR Downloading (incomplete total...):  72%|############################7           | 39.4G/54.9G [1:45:39<41:41, 6.17MB/s]
2026-04-20 17:26:19,109 ERROR Downloading (incomplete total...):  72%|############################7           | 39.5G/54.9G [1:45:42<37:18, 6.88MB/s]
2026-04-20 17:26:32,111 ERROR Downloading (incomplete total...):  72%|############################7           | 39.5G/54.9G [1:45:55<37:18, 6.88MB/s]
2026-04-20 17:26:41,919 ERROR Downloading (incomplete total...):  72%|###########################3          | 39.5G/54.9G [1:46:04<1:14:01, 3.46MB/s]
2026-04-20 17:26:52,127 ERROR Downloading (incomplete total...):  72%|###########################3          | 39.5G/54.9G [1:46:15<1:14:01, 3.46MB/s]
2026-04-20 17:26:57,053 ERROR Downloading (incomplete total...):  72%|###########################3          | 39.6G/54.9G [1:46:20<1:07:20, 3.79MB/s]
2026-04-20 17:27:12,148 ERROR Downloading (incomplete total...):  72%|###########################3          | 39.6G/54.9G [1:46:35<1:07:20, 3.79MB/s]
2026-04-20 17:27:12,311 ERROR Downloading (incomplete total...):  72%|###########################4          | 39.6G/54.9G [1:46:35<1:31:38, 2.78MB/s]
2026-04-20 17:27:12,315 ERROR Fetching 12 files:  25%|##############5                                           | 3/12 [1:46:35<3:52:44, 1551.62s/it]
2026-04-20 17:27:12,315 ERROR [A
2026-04-20 17:27:27,312 ERROR Downloading (incomplete total...):  72%|###########################4          | 39.6G/54.9G [1:46:50<1:23:07, 3.06MB/s]
2026-04-20 17:27:42,174 ERROR Downloading (incomplete total...):  72%|###########################4          | 39.6G/54.9G [1:47:05<1:23:07, 3.06MB/s]
2026-04-20 17:27:50,312 ERROR Downloading (incomplete total...):  72%|###########################4          | 39.6G/54.9G [1:47:13<2:05:14, 2.03MB/s]
2026-04-20 17:27:54,485 ERROR Downloading (incomplete total...):  72%|###########################4          | 39.7G/54.9G [1:47:17<1:15:00, 3.37MB/s]
2026-04-20 17:27:54,485 ERROR Downloading (incomplete total...):  72%|############################9           | 39.7G/54.9G [1:47:17<51:37, 4.90MB/s]
2026-04-20 17:28:12,197 ERROR Downloading (incomplete total...):  72%|############################9           | 39.7G/54.9G [1:47:35<51:37, 4.90MB/s]
2026-04-20 17:28:26,641 ERROR Downloading (incomplete total...):  72%|###########################5          | 39.8G/54.9G [1:47:49<1:16:23, 3.30MB/s]
2026-04-20 17:28:28,106 ERROR Downloading (incomplete total...):  73%|#############################           | 39.8G/54.9G [1:47:51<52:03, 4.81MB/s]
2026-04-20 17:28:28,106 ERROR Downloading (incomplete total...):  73%|#############################           | 39.8G/54.9G [1:47:51<36:49, 6.80MB/s]
2026-04-20 17:28:36,091 ERROR Downloading (incomplete total...):  73%|#############################           | 39.9G/54.9G [1:47:59<34:27, 7.24MB/s]
2026-04-20 17:28:52,232 ERROR Downloading (incomplete total...):  73%|#############################           | 39.9G/54.9G [1:48:15<34:27, 7.24MB/s]
2026-04-20 17:28:57,888 ERROR Downloading (incomplete total...):  73%|#############################1          | 40.0G/54.9G [1:48:20<48:48, 5.09MB/s]
2026-04-20 17:28:57,888 ERROR Downloading (incomplete total...):  73%|#############################1          | 40.0G/54.9G [1:48:20<58:40, 4.23MB/s]
2026-04-20 17:29:12,254 ERROR Downloading (incomplete total...):  73%|#############################1          | 40.0G/54.9G [1:48:35<58:40, 4.23MB/s]
2026-04-20 17:29:25,249 ERROR Downloading (incomplete total...):  73%|###########################7          | 40.0G/54.9G [1:48:48<1:11:25, 3.46MB/s]
2026-04-20 17:29:42,269 ERROR Downloading (incomplete total...):  73%|###########################7          | 40.0G/54.9G [1:49:05<1:11:25, 3.46MB/s]
2026-04-20 17:30:04,095 ERROR Downloading (incomplete total...):  73%|###########################7          | 40.1G/54.9G [1:49:27<1:32:50, 2.65MB/s]
2026-04-20 17:30:04,095 ERROR Downloading (incomplete total...):  73%|###########################7          | 40.1G/54.9G [1:49:27<1:47:54, 2.28MB/s]
2026-04-20 17:30:22,317 ERROR Downloading (incomplete total...):  73%|###########################7          | 40.1G/54.9G [1:49:45<1:47:54, 2.28MB/s]
2026-04-20 17:30:27,717 ERROR Downloading (incomplete total...):  73%|###########################8          | 40.2G/54.9G [1:49:50<1:41:01, 2.43MB/s]
2026-04-20 17:30:37,495 ERROR Downloading (incomplete total...):  73%|###########################8          | 40.2G/54.9G [1:50:00<1:20:59, 3.01MB/s]
2026-04-20 17:30:40,501 ERROR Downloading (incomplete total...):  73%|###########################9          | 40.3G/54.9G [1:50:03<1:03:08, 3.85MB/s]
2026-04-20 17:30:44,093 ERROR Downloading (incomplete total...):  73%|###########################9          | 40.3G/54.9G [1:50:07<1:07:20, 3.61MB/s]
2026-04-20 17:30:44,841 ERROR Downloading (incomplete total...):  74%|#############################4          | 40.4G/54.9G [1:50:07<42:04, 5.75MB/s]
2026-04-20 17:31:01,109 ERROR Downloading (incomplete total...):  74%|###########################9          | 40.4G/54.9G [1:50:24<1:07:39, 3.57MB/s]
2026-04-20 17:31:02,894 ERROR Downloading (incomplete total...):  74%|###########################9          | 40.4G/54.9G [1:50:25<1:06:37, 3.62MB/s]
2026-04-20 17:31:22,376 ERROR Downloading (incomplete total...):  74%|###########################9          | 40.4G/54.9G [1:50:45<1:06:37, 3.62MB/s]
2026-04-20 17:31:35,284 ERROR Downloading (incomplete total...):  74%|############################          | 40.4G/54.9G [1:50:58<1:30:31, 2.65MB/s]
2026-04-20 17:31:35,284 ERROR Downloading (incomplete total...):  74%|############################          | 40.4G/54.9G [1:50:58<1:41:00, 2.38MB/s]
2026-04-20 17:31:49,250 ERROR Downloading (incomplete total...):  74%|############################          | 40.5G/54.9G [1:51:12<1:21:47, 2.93MB/s]
2026-04-20 17:32:02,397 ERROR Downloading (incomplete total...):  74%|############################          | 40.5G/54.9G [1:51:25<1:21:47, 2.93MB/s]
2026-04-20 17:32:09,484 ERROR Downloading (incomplete total...):  74%|############################1         | 40.6G/54.9G [1:51:32<1:18:05, 3.05MB/s]
2026-04-20 17:32:22,414 ERROR Downloading (incomplete total...):  74%|############################1         | 40.6G/54.9G [1:51:45<1:18:05, 3.05MB/s]
2026-04-20 17:32:38,843 ERROR Downloading (incomplete total...):  74%|############################1         | 40.6G/54.9G [1:52:01<1:31:54, 2.58MB/s]
2026-04-20 17:32:52,441 ERROR Downloading (incomplete total...):  74%|############################1         | 40.6G/54.9G [1:52:15<1:31:54, 2.58MB/s]
2026-04-20 17:32:57,098 ERROR Downloading (incomplete total...):  74%|############################1         | 40.7G/54.9G [1:52:20<1:31:08, 2.59MB/s]
2026-04-20 17:32:59,919 ERROR Downloading (incomplete total...):  74%|############################2         | 40.7G/54.9G [1:52:22<1:02:48, 3.75MB/s]
2026-04-20 17:33:04,244 ERROR Downloading (incomplete total...):  74%|############################2         | 40.8G/54.9G [1:52:27<1:04:28, 3.65MB/s]
2026-04-20 17:33:22,454 ERROR Downloading (incomplete total...):  74%|############################2         | 40.8G/54.9G [1:52:45<1:04:28, 3.65MB/s]
2026-04-20 17:33:26,503 ERROR Downloading (incomplete total...):  74%|############################2         | 40.8G/54.9G [1:52:49<1:09:28, 3.37MB/s]
2026-04-20 17:33:42,475 ERROR Downloading (incomplete total...):  74%|############################2         | 40.8G/54.9G [1:53:05<1:09:28, 3.37MB/s]
2026-04-20 17:33:51,288 ERROR Downloading (incomplete total...):  75%|############################3         | 40.9G/54.9G [1:53:14<1:15:12, 3.10MB/s]
2026-04-20 17:33:59,091 ERROR Downloading (incomplete total...):  75%|############################3         | 41.0G/54.9G [1:53:22<1:01:07, 3.79MB/s]
2026-04-20 17:33:59,299 ERROR Fetching 12 files:  33%|###################3                                      | 4/12 [1:53:22<2:26:37, 1099.73s/it]
2026-04-20 17:33:59,299 ERROR [A
2026-04-20 17:34:07,666 ERROR Downloading (incomplete total...):  75%|#############################9          | 41.0G/54.9G [1:53:30<50:18, 4.59MB/s]
2026-04-20 17:34:22,510 ERROR Downloading (incomplete total...):  75%|#############################9          | 41.0G/54.9G [1:53:45<50:18, 4.59MB/s]
2026-04-20 17:34:44,518 ERROR Downloading (incomplete total...):  75%|############################4         | 41.1G/54.9G [1:54:07<1:14:43, 3.07MB/s]
2026-04-20 17:34:57,848 ERROR Downloading (incomplete total...):  75%|############################5         | 41.2G/54.9G [1:54:20<1:05:12, 3.50MB/s]
2026-04-20 17:35:05,308 ERROR Downloading (incomplete total...):  75%|##############################          | 41.2G/54.9G [1:54:28<52:33, 4.33MB/s]
2026-04-20 17:35:22,551 ERROR Downloading (incomplete total...):  75%|##############################          | 41.2G/54.9G [1:54:45<52:33, 4.33MB/s]
2026-04-20 17:35:37,093 ERROR Downloading (incomplete total...):  75%|############################5         | 41.3G/54.9G [1:55:00<1:11:50, 3.15MB/s]
2026-04-20 17:35:37,099 ERROR Fetching 12 files:  42%|########################5                                  | 5/12 [1:55:00<1:26:08, 738.43s/it]
2026-04-20 17:35:37,099 ERROR [A
2026-04-20 17:35:48,654 ERROR Downloading (incomplete total...):  75%|############################6         | 41.3G/54.9G [1:55:11<1:01:16, 3.68MB/s]
2026-04-20 17:36:02,606 ERROR Downloading (incomplete total...):  75%|############################6         | 41.3G/54.9G [1:55:25<1:01:16, 3.68MB/s]
2026-04-20 17:36:03,131 ERROR Downloading (incomplete total...):  75%|##############################1         | 41.4G/54.9G [1:55:26<57:04, 3.93MB/s]
2026-04-20 17:36:21,852 ERROR Downloading (incomplete total...):  76%|##############################2         | 41.5G/54.9G [1:55:44<58:27, 3.82MB/s]
2026-04-20 17:36:32,630 ERROR Downloading (incomplete total...):  76%|##############################2         | 41.5G/54.9G [1:55:55<58:27, 3.82MB/s]
2026-04-20 17:36:41,909 ERROR Downloading (incomplete total...):  76%|############################7         | 41.5G/54.9G [1:56:04<1:00:39, 3.66MB/s]
2026-04-20 17:36:52,648 ERROR Downloading (incomplete total...):  76%|############################7         | 41.5G/54.9G [1:56:15<1:00:39, 3.66MB/s]
2026-04-20 17:36:59,134 ERROR Downloading (incomplete total...):  76%|##############################3         | 41.6G/54.9G [1:56:22<59:14, 3.73MB/s]
2026-04-20 17:37:03,855 ERROR Downloading (incomplete total...):  76%|##############################3         | 41.7G/54.9G [1:56:26<45:48, 4.80MB/s]
2026-04-20 17:37:22,678 ERROR Downloading (incomplete total...):  76%|##############################3         | 41.7G/54.9G [1:56:45<45:48, 4.80MB/s]
2026-04-20 17:37:47,122 ERROR Downloading (incomplete total...):  76%|############################9         | 41.8G/54.9G [1:57:10<1:14:19, 2.94MB/s]
2026-04-20 17:37:57,316 ERROR Downloading (incomplete total...):  76%|############################9         | 41.8G/54.9G [1:57:20<1:01:38, 3.53MB/s]
2026-04-20 17:38:12,704 ERROR Downloading (incomplete total...):  76%|############################9         | 41.8G/54.9G [1:57:35<1:01:38, 3.53MB/s]
2026-04-20 17:38:19,656 ERROR Downloading (incomplete total...):  76%|#############################         | 41.9G/54.9G [1:57:42<1:04:32, 3.35MB/s]
2026-04-20 17:38:32,732 ERROR Downloading (incomplete total...):  76%|#############################         | 41.9G/54.9G [1:57:55<1:04:32, 3.35MB/s]
2026-04-20 17:38:34,322 ERROR Downloading (incomplete total...):  76%|##############################5         | 42.0G/54.9G [1:57:57<59:04, 3.64MB/s]
2026-04-20 17:38:52,747 ERROR Downloading (incomplete total...):  76%|##############################5         | 42.0G/54.9G [1:58:15<59:04, 3.64MB/s]
2026-04-20 17:38:54,523 ERROR Downloading (incomplete total...):  77%|#############################         | 42.0G/54.9G [1:58:17<1:12:37, 2.96MB/s]
2026-04-20 17:38:54,523 ERROR Downloading (incomplete total...):  77%|#############################         | 42.0G/54.9G [1:58:17<1:25:56, 2.50MB/s]
2026-04-20 17:38:55,257 ERROR Downloading (incomplete total...):  77%|#############################         | 42.0G/54.9G [1:58:18<1:08:37, 3.12MB/s]
2026-04-20 17:39:12,765 ERROR Downloading (incomplete total...):  77%|#############################         | 42.0G/54.9G [1:58:35<1:08:37, 3.12MB/s]
2026-04-20 17:39:14,510 ERROR Downloading (incomplete total...):  77%|#############################1        | 42.1G/54.9G [1:58:37<1:05:26, 3.26MB/s]
2026-04-20 17:39:15,458 ERROR Downloading (incomplete total...):  77%|##############################7         | 42.1G/54.9G [1:58:38<50:58, 4.17MB/s]
2026-04-20 17:39:32,793 ERROR Downloading (incomplete total...):  77%|##############################7         | 42.1G/54.9G [1:58:55<50:58, 4.17MB/s]
2026-04-20 17:39:37,063 ERROR Downloading (incomplete total...):  77%|##############################7         | 42.2G/54.9G [1:59:00<57:22, 3.68MB/s]
2026-04-20 17:39:52,812 ERROR Downloading (incomplete total...):  77%|##############################7         | 42.2G/54.9G [1:59:15<57:22, 3.68MB/s]
2026-04-20 17:41:21,465 ERROR Downloading (incomplete total...):  77%|#############################2        | 42.3G/54.9G [2:00:44<2:32:48, 1.38MB/s]
2026-04-20 17:41:21,465 ERROR Downloading (incomplete total...):  77%|##############################         | 42.3G/54.9G [2:00:44<3:31:26, 994kB/s]
2026-04-20 17:41:24,068 ERROR Downloading (incomplete total...):  77%|#############################4        | 42.5G/54.9G [2:00:47<1:26:51, 2.38MB/s]
2026-04-20 17:41:24,068 ERROR Downloading (incomplete total...):  77%|##############################9         | 42.5G/54.9G [2:00:47<48:21, 4.28MB/s]
2026-04-20 17:41:25,061 ERROR Downloading (incomplete total...):  77%|##############################9         | 42.5G/54.9G [2:00:48<42:56, 4.80MB/s]
2026-04-20 17:41:42,065 ERROR Downloading (incomplete total...):  78%|###############################         | 42.6G/54.9G [2:01:05<44:42, 4.59MB/s]
2026-04-20 17:41:42,065 ERROR Downloading (incomplete total...):  78%|###############################         | 42.6G/54.9G [2:01:05<46:24, 4.42MB/s]
2026-04-20 17:41:52,918 ERROR Downloading (incomplete total...):  78%|###############################         | 42.6G/54.9G [2:01:15<46:24, 4.42MB/s]
2026-04-20 17:41:55,257 ERROR Downloading (incomplete total...):  78%|###############################         | 42.6G/54.9G [2:01:18<54:56, 3.73MB/s]
2026-04-20 17:42:03,864 ERROR Downloading (incomplete total...):  78%|###############################         | 42.6G/54.9G [2:01:26<45:55, 4.43MB/s]
2026-04-20 17:42:18,934 ERROR Downloading (incomplete total...):  78%|###############################1        | 42.7G/54.9G [2:01:41<52:59, 3.83MB/s]
2026-04-20 17:42:32,954 ERROR Downloading (incomplete total...):  78%|###############################1        | 42.7G/54.9G [2:01:55<52:59, 3.83MB/s]
2026-04-20 17:42:40,075 ERROR Downloading (incomplete total...):  78%|###############################1        | 42.8G/54.9G [2:02:03<56:21, 3.58MB/s]
2026-04-20 17:42:52,957 ERROR Downloading (incomplete total...):  78%|###############################1        | 42.8G/54.9G [2:02:15<56:21, 3.58MB/s]
2026-04-20 17:43:12,918 ERROR Downloading (incomplete total...):  78%|#############################6        | 42.8G/54.9G [2:02:35<1:09:42, 2.88MB/s]
2026-04-20 17:43:22,989 ERROR Downloading (incomplete total...):  78%|#############################6        | 42.8G/54.9G [2:02:45<1:09:42, 2.88MB/s]
2026-04-20 17:43:26,264 ERROR Downloading (incomplete total...):  78%|###############################2        | 42.9G/54.9G [2:02:49<59:57, 3.33MB/s]
2026-04-20 17:43:43,013 ERROR Downloading (incomplete total...):  78%|###############################2        | 42.9G/54.9G [2:03:06<59:57, 3.33MB/s]
2026-04-20 17:43:45,129 ERROR Downloading (incomplete total...):  78%|###############################3        | 43.0G/54.9G [2:03:08<58:26, 3.40MB/s]
2026-04-20 17:44:03,028 ERROR Downloading (incomplete total...):  78%|###############################3        | 43.0G/54.9G [2:03:26<58:26, 3.40MB/s]
2026-04-20 17:44:21,274 ERROR Downloading (incomplete total...):  78%|#############################7        | 43.0G/54.9G [2:03:44<1:12:57, 2.71MB/s]
2026-04-20 17:44:25,719 ERROR Downloading (incomplete total...):  79%|###############################4        | 43.1G/54.9G [2:03:48<54:22, 3.61MB/s]
2026-04-20 17:44:43,068 ERROR Downloading (incomplete total...):  79%|###############################4        | 43.1G/54.9G [2:04:06<54:22, 3.61MB/s]
2026-04-20 17:45:02,522 ERROR Downloading (incomplete total...):  79%|#############################8        | 43.1G/54.9G [2:04:25<1:24:28, 2.32MB/s]
2026-04-20 17:45:04,263 ERROR Downloading (incomplete total...):  79%|###############################4        | 43.2G/54.9G [2:04:27<56:57, 3.42MB/s]
2026-04-20 17:45:08,733 ERROR Downloading (incomplete total...):  79%|###############################5        | 43.3G/54.9G [2:04:31<42:17, 4.58MB/s]
2026-04-20 17:45:23,088 ERROR Downloading (incomplete total...):  79%|###############################5        | 43.3G/54.9G [2:04:46<42:17, 4.58MB/s]
2026-04-20 17:45:47,265 ERROR Downloading (incomplete total...):  79%|##############################        | 43.3G/54.9G [2:05:10<1:03:55, 3.01MB/s]
2026-04-20 17:45:56,320 ERROR Downloading (incomplete total...):  79%|##############################        | 43.4G/54.9G [2:05:19<1:00:23, 3.18MB/s]
2026-04-20 17:46:13,151 ERROR Downloading (incomplete total...):  79%|##############################        | 43.4G/54.9G [2:05:36<1:00:23, 3.18MB/s]
2026-04-20 17:46:24,734 ERROR Downloading (incomplete total...):  79%|##############################        | 43.4G/54.9G [2:05:47<1:07:11, 2.84MB/s]
2026-04-20 17:46:39,666 ERROR Downloading (incomplete total...):  79%|###############################7        | 43.5G/54.9G [2:06:02<58:43, 3.23MB/s]
2026-04-20 17:46:39,872 ERROR Downloading (incomplete total...):  79%|###############################7        | 43.5G/54.9G [2:06:02<52:17, 3.62MB/s]
2026-04-20 17:46:53,171 ERROR Downloading (incomplete total...):  79%|###############################7        | 43.5G/54.9G [2:06:16<52:17, 3.62MB/s]
2026-04-20 17:47:20,070 ERROR Downloading (incomplete total...):  79%|##############################1       | 43.6G/54.9G [2:06:43<1:14:40, 2.52MB/s]
2026-04-20 17:47:33,191 ERROR Downloading (incomplete total...):  79%|##############################1       | 43.6G/54.9G [2:06:56<1:14:40, 2.52MB/s]
2026-04-20 17:47:39,122 ERROR Downloading (incomplete total...):  80%|##############################2       | 43.6G/54.9G [2:07:02<1:06:53, 2.80MB/s]
2026-04-20 17:47:44,341 ERROR Downloading (incomplete total...):  80%|###############################8        | 43.7G/54.9G [2:07:07<54:08, 3.44MB/s]
2026-04-20 17:47:58,076 ERROR Downloading (incomplete total...):  80%|###############################9        | 43.8G/54.9G [2:07:21<48:22, 3.83MB/s]
2026-04-20 17:48:13,218 ERROR Downloading (incomplete total...):  80%|###############################9        | 43.8G/54.9G [2:07:36<48:22, 3.83MB/s]
2026-04-20 17:48:41,684 ERROR Downloading (incomplete total...):  80%|##############################3       | 43.8G/54.9G [2:08:04<1:11:34, 2.57MB/s]
2026-04-20 17:48:53,239 ERROR Downloading (incomplete total...):  80%|##############################3       | 43.8G/54.9G [2:08:16<1:11:34, 2.57MB/s]
2026-04-20 17:49:02,324 ERROR Downloading (incomplete total...):  80%|##############################3       | 43.9G/54.9G [2:08:25<1:06:23, 2.75MB/s]
2026-04-20 17:49:13,266 ERROR Downloading (incomplete total...):  80%|##############################3       | 43.9G/54.9G [2:08:36<1:06:23, 2.75MB/s]
2026-04-20 17:49:17,867 ERROR Downloading (incomplete total...):  80%|################################        | 44.0G/54.9G [2:08:40<58:31, 3.11MB/s]
2026-04-20 17:49:33,294 ERROR Downloading (incomplete total...):  80%|################################        | 44.0G/54.9G [2:08:56<58:31, 3.11MB/s]
2026-04-20 17:49:43,146 ERROR Downloading (incomplete total...):  80%|##############################4       | 44.0G/54.9G [2:09:06<1:01:14, 2.95MB/s]
2026-04-20 17:49:53,307 ERROR Downloading (incomplete total...):  80%|##############################4       | 44.0G/54.9G [2:09:16<1:01:14, 2.95MB/s]
2026-04-20 17:49:54,667 ERROR Downloading (incomplete total...):  80%|################################1       | 44.1G/54.9G [2:09:17<51:39, 3.48MB/s]
2026-04-20 17:50:13,321 ERROR Downloading (incomplete total...):  80%|################################1       | 44.1G/54.9G [2:09:36<51:39, 3.48MB/s]
2026-04-20 17:50:31,667 ERROR Downloading (incomplete total...):  80%|##############################5       | 44.2G/54.9G [2:09:54<1:05:40, 2.72MB/s]
2026-04-20 17:50:43,338 ERROR Downloading (incomplete total...):  80%|##############################5       | 44.2G/54.9G [2:10:06<1:05:40, 2.72MB/s]
2026-04-20 17:50:55,120 ERROR Downloading (incomplete total...):  81%|##############################6       | 44.2G/54.9G [2:10:18<1:04:17, 2.76MB/s]
2026-04-20 17:51:06,948 ERROR Downloading (incomplete total...):  81%|################################2       | 44.3G/54.9G [2:10:29<53:57, 3.27MB/s]
2026-04-20 17:51:10,869 ERROR Downloading (incomplete total...):  81%|################################3       | 44.4G/54.9G [2:10:33<40:32, 4.32MB/s]
2026-04-20 17:51:23,381 ERROR Downloading (incomplete total...):  81%|################################3       | 44.4G/54.9G [2:10:46<40:32, 4.32MB/s]
2026-04-20 17:51:26,920 ERROR Downloading (incomplete total...):  81%|################################3       | 44.4G/54.9G [2:10:49<52:27, 3.33MB/s]
2026-04-20 17:51:43,399 ERROR Downloading (incomplete total...):  81%|################################3       | 44.4G/54.9G [2:11:06<52:27, 3.33MB/s]
2026-04-20 17:51:47,869 ERROR Downloading (incomplete total...):  81%|################################4       | 44.4G/54.9G [2:11:10<52:52, 3.28MB/s]
2026-04-20 17:52:03,429 ERROR Downloading (incomplete total...):  81%|################################4       | 44.4G/54.9G [2:11:26<52:52, 3.28MB/s]
2026-04-20 17:52:23,135 ERROR Downloading (incomplete total...):  81%|##############################8       | 44.5G/54.9G [2:11:46<1:05:25, 2.64MB/s]
2026-04-20 17:52:29,520 ERROR Downloading (incomplete total...):  81%|################################4       | 44.6G/54.9G [2:11:52<53:56, 3.18MB/s]
2026-04-20 17:52:41,476 ERROR Downloading (incomplete total...):  81%|################################5       | 44.6G/54.9G [2:12:04<45:47, 3.73MB/s]
2026-04-20 17:52:53,466 ERROR Downloading (incomplete total...):  81%|################################5       | 44.6G/54.9G [2:12:16<45:47, 3.73MB/s]
2026-04-20 17:53:24,871 ERROR Downloading (incomplete total...):  81%|##############################9       | 44.7G/54.9G [2:12:47<1:06:20, 2.55MB/s]
2026-04-20 17:53:42,544 ERROR Downloading (incomplete total...):  82%|################################6       | 44.8G/54.9G [2:13:05<59:04, 2.85MB/s]
2026-04-20 17:53:53,522 ERROR Downloading (incomplete total...):  82%|################################6       | 44.8G/54.9G [2:13:16<59:04, 2.85MB/s]
2026-04-20 17:54:00,876 ERROR Downloading (incomplete total...):  82%|################################6       | 44.8G/54.9G [2:13:23<54:39, 3.06MB/s]
2026-04-20 17:54:11,123 ERROR Downloading (incomplete total...):  82%|################################7       | 44.9G/54.9G [2:13:34<45:23, 3.66MB/s]
2026-04-20 17:54:23,550 ERROR Downloading (incomplete total...):  82%|################################7       | 44.9G/54.9G [2:13:46<45:23, 3.66MB/s]
2026-04-20 17:54:47,279 ERROR Downloading (incomplete total...):  82%|################################7       | 45.0G/54.9G [2:14:10<58:31, 2.82MB/s]
2026-04-20 17:54:51,737 ERROR Downloading (incomplete total...):  82%|################################8       | 45.0G/54.9G [2:14:14<43:45, 3.75MB/s]
2026-04-20 17:55:03,582 ERROR Downloading (incomplete total...):  82%|################################8       | 45.0G/54.9G [2:14:26<43:45, 3.75MB/s]
2026-04-20 17:55:31,674 ERROR Downloading (incomplete total...):  82%|################################8       | 45.1G/54.9G [2:14:54<59:38, 2.73MB/s]
2026-04-20 17:55:38,937 ERROR Downloading (incomplete total...):  82%|################################9       | 45.2G/54.9G [2:15:01<46:38, 3.47MB/s]
2026-04-20 17:55:53,640 ERROR Downloading (incomplete total...):  82%|################################9       | 45.2G/54.9G [2:15:16<46:38, 3.47MB/s]
2026-04-20 17:56:04,947 ERROR Downloading (incomplete total...):  82%|################################9       | 45.2G/54.9G [2:15:27<51:07, 3.14MB/s]
2026-04-20 17:56:10,675 ERROR Downloading (incomplete total...):  83%|#################################       | 45.3G/54.9G [2:15:33<39:34, 4.03MB/s]
2026-04-20 17:56:23,653 ERROR Downloading (incomplete total...):  83%|#################################       | 45.3G/54.9G [2:15:46<39:34, 4.03MB/s]
2026-04-20 17:56:49,275 ERROR Downloading (incomplete total...):  83%|#################################       | 45.4G/54.9G [2:16:12<54:53, 2.88MB/s]
2026-04-20 17:57:03,693 ERROR Downloading (incomplete total...):  83%|#################################       | 45.4G/54.9G [2:16:26<54:53, 2.88MB/s]
2026-04-20 17:57:16,533 ERROR Downloading (incomplete total...):  83%|#################################1      | 45.4G/54.9G [2:16:39<57:18, 2.74MB/s]
2026-04-20 17:57:18,352 ERROR Downloading (incomplete total...):  83%|#################################1      | 45.5G/54.9G [2:16:41<41:05, 3.80MB/s]
2026-04-20 17:57:31,079 ERROR Downloading (incomplete total...):  83%|#################################2      | 45.6G/54.9G [2:16:54<37:22, 4.15MB/s]
2026-04-20 17:57:43,726 ERROR Downloading (incomplete total...):  83%|#################################2      | 45.6G/54.9G [2:17:06<37:22, 4.15MB/s]
2026-04-20 17:57:57,745 ERROR Downloading (incomplete total...):  83%|#################################2      | 45.6G/54.9G [2:17:20<54:16, 2.85MB/s]
2026-04-20 17:58:10,086 ERROR Downloading (incomplete total...):  83%|#################################2      | 45.7G/54.9G [2:17:33<45:04, 3.40MB/s]
2026-04-20 17:58:23,756 ERROR Downloading (incomplete total...):  83%|#################################2      | 45.7G/54.9G [2:17:46<45:04, 3.40MB/s]
2026-04-20 17:58:23,933 ERROR Downloading (incomplete total...):  83%|#################################3      | 45.7G/54.9G [2:17:46<40:22, 3.77MB/s]
2026-04-20 17:58:43,475 ERROR Downloading (incomplete total...):  83%|#################################3      | 45.8G/54.9G [2:18:06<41:20, 3.66MB/s]
2026-04-20 17:58:45,127 ERROR Downloading (incomplete total...):  84%|#################################4      | 45.8G/54.9G [2:18:08<37:31, 4.02MB/s]
2026-04-20 17:59:03,791 ERROR Downloading (incomplete total...):  84%|#################################4      | 45.8G/54.9G [2:18:26<37:31, 4.02MB/s]
2026-04-20 17:59:15,875 ERROR Downloading (incomplete total...):  84%|#################################4      | 45.9G/54.9G [2:18:38<48:39, 3.08MB/s]
2026-04-20 17:59:33,815 ERROR Downloading (incomplete total...):  84%|#################################4      | 45.9G/54.9G [2:18:56<48:39, 3.08MB/s]
2026-04-20 17:59:35,931 ERROR Downloading (incomplete total...):  84%|#################################4      | 45.9G/54.9G [2:18:58<52:47, 2.82MB/s]
2026-04-20 17:59:46,477 ERROR Downloading (incomplete total...):  84%|#################################5      | 46.0G/54.9G [2:19:09<42:04, 3.51MB/s]
2026-04-20 18:00:03,823 ERROR Downloading (incomplete total...):  84%|#################################5      | 46.0G/54.9G [2:19:26<42:04, 3.51MB/s]
2026-04-20 18:00:16,475 ERROR Downloading (incomplete total...):  84%|#################################5      | 46.1G/54.9G [2:19:39<49:45, 2.95MB/s]
2026-04-20 18:00:33,849 ERROR Downloading (incomplete total...):  84%|#################################5      | 46.1G/54.9G [2:19:56<49:45, 2.95MB/s]
2026-04-20 18:00:41,928 ERROR Downloading (incomplete total...):  84%|#################################6      | 46.1G/54.9G [2:20:04<51:16, 2.84MB/s]
2026-04-20 18:00:52,276 ERROR Downloading (incomplete total...):  84%|#################################6      | 46.2G/54.9G [2:20:15<41:50, 3.45MB/s]
2026-04-20 18:01:03,879 ERROR Downloading (incomplete total...):  84%|#################################6      | 46.2G/54.9G [2:20:26<41:50, 3.45MB/s]
2026-04-20 18:01:25,280 ERROR Downloading (incomplete total...):  84%|#################################7      | 46.3G/54.9G [2:20:48<50:32, 2.84MB/s]
2026-04-20 18:01:38,328 ERROR Downloading (incomplete total...):  84%|#################################7      | 46.3G/54.9G [2:21:01<43:14, 3.29MB/s]
2026-04-20 18:01:53,943 ERROR Downloading (incomplete total...):  84%|#################################7      | 46.3G/54.9G [2:21:16<43:14, 3.29MB/s]
2026-04-20 18:01:57,278 ERROR Downloading (incomplete total...):  85%|#################################8      | 46.4G/54.9G [2:21:20<41:57, 3.36MB/s]
2026-04-20 18:02:13,965 ERROR Downloading (incomplete total...):  85%|#################################8      | 46.4G/54.9G [2:21:36<41:57, 3.36MB/s]
2026-04-20 18:02:27,078 ERROR Downloading (incomplete total...):  85%|#################################8      | 46.5G/54.9G [2:21:50<47:52, 2.92MB/s]
2026-04-20 18:02:39,542 ERROR Downloading (incomplete total...):  85%|#################################9      | 46.5G/54.9G [2:22:02<40:56, 3.39MB/s]
2026-04-20 18:02:53,989 ERROR Downloading (incomplete total...):  85%|#################################9      | 46.5G/54.9G [2:22:16<40:56, 3.39MB/s]
2026-04-20 18:02:58,089 ERROR Downloading (incomplete total...):  85%|#################################9      | 46.6G/54.9G [2:22:21<39:50, 3.46MB/s]
2026-04-20 18:03:14,002 ERROR Downloading (incomplete total...):  85%|#################################9      | 46.6G/54.9G [2:22:36<39:50, 3.46MB/s]
2026-04-20 18:03:27,884 ERROR Downloading (incomplete total...):  85%|##################################      | 46.7G/54.9G [2:22:50<45:54, 2.98MB/s]
2026-04-20 18:03:41,739 ERROR Downloading (incomplete total...):  85%|##################################      | 46.7G/54.9G [2:23:04<40:14, 3.37MB/s]
2026-04-20 18:03:54,030 ERROR Downloading (incomplete total...):  85%|##################################      | 46.7G/54.9G [2:23:17<40:14, 3.37MB/s]
2026-04-20 18:03:59,094 ERROR Downloading (incomplete total...):  85%|##################################1     | 46.8G/54.9G [2:23:22<38:22, 3.50MB/s]
2026-04-20 18:04:14,046 ERROR Downloading (incomplete total...):  85%|##################################1     | 46.8G/54.9G [2:23:37<38:22, 3.50MB/s]
2026-04-20 18:04:26,679 ERROR Downloading (incomplete total...):  85%|##################################1     | 46.9G/54.9G [2:23:49<43:05, 3.09MB/s]
2026-04-20 18:04:44,078 ERROR Downloading (incomplete total...):  85%|##################################1     | 46.9G/54.9G [2:24:07<43:05, 3.09MB/s]
2026-04-20 18:04:52,336 ERROR Downloading (incomplete total...):  86%|##################################2     | 46.9G/54.9G [2:24:15<45:05, 2.93MB/s]
2026-04-20 18:04:59,289 ERROR Downloading (incomplete total...):  86%|##################################2     | 47.0G/54.9G [2:24:22<35:22, 3.70MB/s]
2026-04-20 18:05:13,333 ERROR Downloading (incomplete total...):  86%|##################################2     | 47.0G/54.9G [2:24:36<40:41, 3.21MB/s]
2026-04-20 18:05:24,100 ERROR Downloading (incomplete total...):  86%|##################################2     | 47.0G/54.9G [2:24:47<40:41, 3.21MB/s]
2026-04-20 18:05:33,103 ERROR Downloading (incomplete total...):  86%|##################################3     | 47.1G/54.9G [2:24:56<39:34, 3.27MB/s]
2026-04-20 18:05:44,112 ERROR Downloading (incomplete total...):  86%|##################################3     | 47.1G/54.9G [2:25:07<39:34, 3.27MB/s]
2026-04-20 18:05:52,137 ERROR Downloading (incomplete total...):  86%|##################################3     | 47.1G/54.9G [2:25:15<43:42, 2.95MB/s]
2026-04-20 18:06:04,137 ERROR Downloading (incomplete total...):  86%|##################################3     | 47.1G/54.9G [2:25:27<43:42, 2.95MB/s]
2026-04-20 18:06:08,682 ERROR Downloading (incomplete total...):  86%|##################################4     | 47.2G/54.9G [2:25:31<39:11, 3.26MB/s]
2026-04-20 18:06:24,154 ERROR Downloading (incomplete total...):  86%|##################################4     | 47.2G/54.9G [2:25:47<39:11, 3.26MB/s]
2026-04-20 18:06:42,886 ERROR Downloading (incomplete total...):  86%|##################################4     | 47.3G/54.9G [2:26:05<47:25, 2.67MB/s]
2026-04-20 18:06:54,172 ERROR Downloading (incomplete total...):  86%|##################################4     | 47.3G/54.9G [2:26:17<47:25, 2.67MB/s]
2026-04-20 18:06:55,733 ERROR Downloading (incomplete total...):  86%|##################################5     | 47.3G/54.9G [2:26:18<39:36, 3.17MB/s]
2026-04-20 18:07:14,198 ERROR Downloading (incomplete total...):  86%|##################################5     | 47.3G/54.9G [2:26:37<39:36, 3.17MB/s]
2026-04-20 18:07:19,882 ERROR Downloading (incomplete total...):  86%|##################################5     | 47.4G/54.9G [2:26:42<40:59, 3.03MB/s]
2026-04-20 18:07:34,218 ERROR Downloading (incomplete total...):  86%|##################################5     | 47.4G/54.9G [2:26:57<40:59, 3.03MB/s]
2026-04-20 18:07:52,285 ERROR Downloading (incomplete total...):  87%|##################################6     | 47.5G/54.9G [2:27:15<46:30, 2.65MB/s]
2026-04-20 18:08:00,934 ERROR Downloading (incomplete total...):  87%|##################################6     | 47.5G/54.9G [2:27:23<36:45, 3.32MB/s]
2026-04-20 18:08:14,252 ERROR Downloading (incomplete total...):  87%|##################################6     | 47.5G/54.9G [2:27:37<36:45, 3.32MB/s]
2026-04-20 18:08:21,483 ERROR Downloading (incomplete total...):  87%|##################################7     | 47.6G/54.9G [2:27:44<36:36, 3.30MB/s]
2026-04-20 18:08:34,272 ERROR Downloading (incomplete total...):  87%|##################################7     | 47.6G/54.9G [2:27:57<36:36, 3.30MB/s]
2026-04-20 18:08:53,083 ERROR Downloading (incomplete total...):  87%|##################################7     | 47.7G/54.9G [2:28:16<42:24, 2.83MB/s]
2026-04-20 18:09:04,134 ERROR Downloading (incomplete total...):  87%|##################################8     | 47.7G/54.9G [2:28:27<35:13, 3.37MB/s]
2026-04-20 18:09:14,315 ERROR Downloading (incomplete total...):  87%|##################################8     | 47.7G/54.9G [2:28:37<35:13, 3.37MB/s]
2026-04-20 18:09:15,740 ERROR Downloading (incomplete total...):  87%|##################################8     | 47.8G/54.9G [2:28:38<40:50, 2.90MB/s]
2026-04-20 18:09:22,884 ERROR Downloading (incomplete total...):  87%|##################################8     | 47.8G/54.9G [2:28:45<30:16, 3.88MB/s]
2026-04-20 18:09:34,331 ERROR Downloading (incomplete total...):  87%|##################################8     | 47.8G/54.9G [2:28:57<30:16, 3.88MB/s]
2026-04-20 18:09:53,898 ERROR Downloading (incomplete total...):  87%|##################################9     | 47.9G/54.9G [2:29:16<38:08, 3.05MB/s]
2026-04-20 18:10:04,354 ERROR Downloading (incomplete total...):  87%|##################################9     | 47.9G/54.9G [2:29:27<38:08, 3.05MB/s]
2026-04-20 18:10:11,135 ERROR Downloading (incomplete total...):  87%|##################################9     | 47.9G/54.9G [2:29:34<37:23, 3.09MB/s]
2026-04-20 18:10:23,085 ERROR Downloading (incomplete total...):  88%|###################################     | 48.0G/54.9G [2:29:46<31:28, 3.63MB/s]
2026-04-20 18:10:34,372 ERROR Downloading (incomplete total...):  88%|###################################     | 48.0G/54.9G [2:29:57<31:28, 3.63MB/s]
2026-04-20 18:10:53,885 ERROR Downloading (incomplete total...):  88%|###################################     | 48.1G/54.9G [2:30:16<37:52, 2.99MB/s]
2026-04-20 18:11:04,388 ERROR Downloading (incomplete total...):  88%|###################################     | 48.1G/54.9G [2:30:27<37:52, 2.99MB/s]
2026-04-20 18:11:23,086 ERROR Downloading (incomplete total...):  88%|###################################     | 48.1G/54.9G [2:30:46<41:02, 2.73MB/s]
2026-04-20 18:11:25,541 ERROR Downloading (incomplete total...):  88%|###################################1    | 48.2G/54.9G [2:30:48<29:17, 3.79MB/s]
2026-04-20 18:11:44,417 ERROR Downloading (incomplete total...):  88%|###################################1    | 48.2G/54.9G [2:31:07<29:17, 3.79MB/s]
2026-04-20 18:11:58,287 ERROR Downloading (incomplete total...):  88%|###################################1    | 48.3G/54.9G [2:31:21<36:34, 3.00MB/s]
2026-04-20 18:12:14,458 ERROR Downloading (incomplete total...):  88%|###################################1    | 48.3G/54.9G [2:31:37<36:34, 3.00MB/s]
2026-04-20 18:12:32,289 ERROR Downloading (incomplete total...):  88%|###################################2    | 48.3G/54.9G [2:31:55<41:57, 2.59MB/s]
2026-04-20 18:12:33,944 ERROR Downloading (incomplete total...):  88%|###################################2    | 48.4G/54.9G [2:31:56<29:43, 3.62MB/s]
2026-04-20 18:12:44,485 ERROR Downloading (incomplete total...):  88%|###################################2    | 48.4G/54.9G [2:32:07<29:43, 3.62MB/s]
2026-04-20 18:13:12,289 ERROR Downloading (incomplete total...):  88%|###################################3    | 48.5G/54.9G [2:32:35<38:55, 2.73MB/s]
2026-04-20 18:13:24,508 ERROR Downloading (incomplete total...):  88%|###################################3    | 48.5G/54.9G [2:32:47<38:55, 2.73MB/s]
2026-04-20 18:13:39,544 ERROR Downloading (incomplete total...):  88%|###################################3    | 48.5G/54.9G [2:33:02<39:48, 2.65MB/s]
2026-04-20 18:13:48,776 ERROR Downloading (incomplete total...):  89%|###################################4    | 48.6G/54.9G [2:33:11<31:50, 3.27MB/s]
2026-04-20 18:13:48,776 ERROR Downloading (incomplete total...):  89%|###################################4    | 48.6G/54.9G [2:33:11<22:54, 4.55MB/s]
2026-04-20 18:13:48,777 ERROR Downloading (incomplete total...):  89%|###################################4    | 48.6G/54.9G [2:33:11<22:54, 4.55MB/s]
2026-04-20 18:14:04,539 ERROR Downloading (incomplete total...):  89%|###################################4    | 48.6G/54.9G [2:33:27<22:54, 4.55MB/s]
2026-04-20 18:14:27,690 ERROR Downloading (incomplete total...):  89%|###################################4    | 48.7G/54.9G [2:33:50<33:50, 3.05MB/s]
2026-04-20 18:14:40,141 ERROR Downloading (incomplete total...):  89%|###################################5    | 48.7G/54.9G [2:34:03<29:06, 3.50MB/s]
2026-04-20 18:14:54,582 ERROR Downloading (incomplete total...):  89%|###################################5    | 48.7G/54.9G [2:34:17<29:06, 3.50MB/s]
2026-04-20 18:14:55,751 ERROR Downloading (incomplete total...):  89%|###################################5    | 48.8G/54.9G [2:34:18<35:39, 2.85MB/s]
2026-04-20 18:15:03,901 ERROR Downloading (incomplete total...):  89%|###################################5    | 48.8G/54.9G [2:34:26<27:01, 3.72MB/s]
2026-04-20 18:15:14,600 ERROR Downloading (incomplete total...):  89%|###################################5    | 48.8G/54.9G [2:34:37<27:01, 3.72MB/s]
2026-04-20 18:15:23,894 ERROR Downloading (incomplete total...):  89%|###################################6    | 48.9G/54.9G [2:34:46<31:14, 3.20MB/s]
2026-04-20 18:15:30,498 ERROR Downloading (incomplete total...):  89%|###################################6    | 48.9G/54.9G [2:34:53<32:48, 3.04MB/s]
2026-04-20 18:15:30,502 ERROR Fetching 12 files:  75%|#############################################7               | 9/12 [2:34:53<32:12, 644.12s/it]
2026-04-20 18:15:30,502 ERROR [A
2026-04-20 18:15:37,740 ERROR Downloading (incomplete total...):  89%|###################################6    | 48.9G/54.9G [2:35:00<26:00, 3.80MB/s]
2026-04-20 18:15:54,624 ERROR Downloading (incomplete total...):  89%|###################################6    | 48.9G/54.9G [2:35:17<26:00, 3.80MB/s]
2026-04-20 18:16:02,348 ERROR Downloading (incomplete total...):  89%|###################################7    | 49.0G/54.9G [2:35:25<29:41, 3.29MB/s]
2026-04-20 18:16:14,644 ERROR Downloading (incomplete total...):  89%|###################################7    | 49.0G/54.9G [2:35:37<29:41, 3.29MB/s]
2026-04-20 18:17:53,755 ERROR Downloading (incomplete total...):  90%|###################################8    | 49.1G/54.9G [2:37:16<55:36, 1.72MB/s]
2026-04-20 18:17:53,949 ERROR Downloading (incomplete total...):  90%|###################################8    | 49.2G/54.9G [2:37:16<39:56, 2.36MB/s]
2026-04-20 18:17:58,542 ERROR Downloading (incomplete total...):  90%|###################################9    | 49.3G/54.9G [2:37:21<30:09, 3.09MB/s]
2026-04-20 18:18:00,543 ERROR Downloading (incomplete total...):  90%|###################################9    | 49.3G/54.9G [2:37:23<22:02, 4.18MB/s]
2026-04-20 18:18:14,732 ERROR Downloading (incomplete total...):  90%|###################################9    | 49.3G/54.9G [2:37:37<22:02, 4.18MB/s]
2026-04-20 18:18:44,143 ERROR Downloading (incomplete total...):  90%|####################################    | 49.4G/54.9G [2:38:07<32:38, 2.79MB/s]
2026-04-20 18:18:45,346 ERROR Downloading (incomplete total...):  90%|####################################    | 49.5G/54.9G [2:38:08<23:14, 3.86MB/s]
2026-04-20 18:19:04,772 ERROR Downloading (incomplete total...):  90%|####################################    | 49.5G/54.9G [2:38:27<23:14, 3.86MB/s]
2026-04-20 18:19:34,951 ERROR Downloading (incomplete total...):  90%|####################################1   | 49.6G/54.9G [2:38:57<27:06, 3.23MB/s]
2026-04-20 18:19:41,756 ERROR Downloading (incomplete total...):  90%|####################################1   | 49.6G/54.9G [2:39:04<26:21, 3.31MB/s]
2026-04-20 18:19:54,810 ERROR Downloading (incomplete total...):  90%|####################################1   | 49.6G/54.9G [2:39:17<26:21, 3.31MB/s]
2026-04-20 18:34:38,362 ERROR Downloading (incomplete total...):  91%|###################################3   | 49.7G/54.9G [2:54:01<6:42:55, 215kB/s]
2026-04-20 18:34:54,956 ERROR Downloading (incomplete total...):  91%|###################################3   | 49.7G/54.9G [2:54:17<4:36:58, 308kB/s]
2026-04-20 18:35:05,592 ERROR Downloading (incomplete total...):  91%|###################################3   | 49.7G/54.9G [2:54:28<4:36:58, 308kB/s]
2026-04-20 18:35:24,157 ERROR Downloading (incomplete total...):  91%|###################################4   | 49.8G/54.9G [2:54:47<3:19:00, 423kB/s]
2026-04-20 18:35:35,604 ERROR Downloading (incomplete total...):  91%|###################################4   | 49.8G/54.9G [2:54:58<3:19:00, 423kB/s]
2026-04-20 18:35:42,558 ERROR Downloading (incomplete total...):  91%|###################################4   | 49.9G/54.9G [2:55:05<2:22:37, 583kB/s]
2026-04-20 18:35:55,621 ERROR Downloading (incomplete total...):  91%|###################################4   | 49.9G/54.9G [2:55:18<2:22:37, 583kB/s]
2026-04-20 18:36:11,158 ERROR Downloading (incomplete total...):  91%|###################################5   | 49.9G/54.9G [2:55:34<1:48:15, 758kB/s]
2026-04-20 18:36:25,635 ERROR Downloading (incomplete total...):  91%|###################################5   | 49.9G/54.9G [2:55:48<1:48:15, 758kB/s]
2026-04-20 18:36:29,157 ERROR Downloading (incomplete total...):  91%|##################################6   | 50.0G/54.9G [2:55:52<1:20:50, 1.00MB/s]
2026-04-20 18:36:45,641 ERROR Downloading (incomplete total...):  91%|##################################6   | 50.0G/54.9G [2:56:08<1:20:50, 1.00MB/s]
2026-04-20 18:36:56,762 ERROR Downloading (incomplete total...):  91%|##################################6   | 50.1G/54.9G [2:56:19<1:05:30, 1.22MB/s]
2026-04-20 18:37:15,656 ERROR Downloading (incomplete total...):  91%|##################################6   | 50.1G/54.9G [2:56:38<1:05:30, 1.22MB/s]
2026-04-20 18:37:17,357 ERROR Downloading (incomplete total...):  91%|####################################5   | 50.1G/54.9G [2:56:40<52:21, 1.50MB/s]
2026-04-20 18:37:35,675 ERROR Downloading (incomplete total...):  91%|####################################5   | 50.1G/54.9G [2:56:58<52:21, 1.50MB/s]
2026-04-20 18:37:40,758 ERROR Downloading (incomplete total...):  92%|####################################6   | 50.2G/54.9G [2:57:03<44:11, 1.75MB/s]
2026-04-20 18:37:55,689 ERROR Downloading (incomplete total...):  92%|####################################6   | 50.2G/54.9G [2:57:18<44:11, 1.75MB/s]
2026-04-20 18:37:59,168 ERROR Downloading (incomplete total...):  92%|####################################6   | 50.3G/54.9G [2:57:22<36:45, 2.08MB/s]
2026-04-20 18:38:15,703 ERROR Downloading (incomplete total...):  92%|####################################6   | 50.3G/54.9G [2:57:38<36:45, 2.08MB/s]
2026-04-20 18:38:21,370 ERROR Downloading (incomplete total...):  92%|####################################7   | 50.4G/54.9G [2:57:44<28:12, 2.65MB/s]
2026-04-20 18:38:35,722 ERROR Downloading (incomplete total...):  92%|####################################7   | 50.4G/54.9G [2:57:58<28:12, 2.65MB/s]
2026-04-20 18:53:45,198 ERROR Downloading (incomplete total...):  92%|###################################8   | 50.4G/54.9G [3:13:08<5:33:11, 222kB/s]
2026-04-20 18:53:56,409 ERROR Downloading (incomplete total...):  92%|###################################8   | 50.4G/54.9G [3:13:19<5:33:11, 222kB/s]
2026-04-20 18:56:57,787 ERROR Downloading (incomplete total...):  92%|###################################8   | 50.5G/54.9G [3:16:20<4:52:08, 250kB/s]
2026-04-20 18:57:16,599 ERROR Downloading (incomplete total...):  92%|###################################8   | 50.5G/54.9G [3:16:39<4:52:08, 250kB/s]
2026-04-20 18:58:48,592 ERROR Downloading (incomplete total...):  92%|###################################9   | 50.6G/54.9G [3:18:11<3:56:37, 303kB/s]
2026-04-20 18:58:48,792 ERROR Downloading (incomplete total...):  93%|#####################################1  | 51.0G/54.9G [3:18:11<59:47, 1.09MB/s]
2026-04-20 18:58:48,996 ERROR Downloading (incomplete total...):  94%|#####################################4  | 51.4G/54.9G [3:18:11<25:35, 2.27MB/s]
2026-04-20 18:59:06,694 ERROR Downloading (incomplete total...):  94%|#####################################4  | 51.4G/54.9G [3:18:29<25:15, 2.27MB/s]
2026-04-20 18:59:06,790 ERROR Downloading (incomplete total...):  94%|#####################################4  | 51.4G/54.9G [3:18:29<25:00, 2.29MB/s]
2026-04-20 18:59:06,790 ERROR Downloading (incomplete total...):  94%|#####################################4  | 51.4G/54.9G [3:18:29<24:43, 2.32MB/s]
2026-04-20 18:59:26,705 ERROR Downloading (incomplete total...):  94%|#####################################4  | 51.4G/54.9G [3:18:49<24:43, 2.32MB/s]
2026-04-20 18:59:28,598 ERROR Downloading (incomplete total...):  94%|#####################################5  | 51.5G/54.9G [3:18:51<23:14, 2.42MB/s]
2026-04-20 18:59:37,002 ERROR Downloading (incomplete total...):  94%|#####################################5  | 51.6G/54.9G [3:18:59<19:43, 2.79MB/s]
2026-04-20 18:59:56,736 ERROR Downloading (incomplete total...):  94%|#####################################5  | 51.6G/54.9G [3:19:19<19:43, 2.79MB/s]
2026-04-20 19:00:15,597 ERROR Downloading (incomplete total...):  94%|#####################################6  | 51.7G/54.9G [3:19:38<17:36, 3.00MB/s]
2026-04-20 19:00:26,766 ERROR Downloading (incomplete total...):  94%|#####################################6  | 51.7G/54.9G [3:19:49<17:36, 3.00MB/s]
2026-04-20 19:01:10,391 ERROR Downloading (incomplete total...):  94%|#####################################7  | 51.8G/54.9G [3:20:33<22:17, 2.32MB/s]
2026-04-20 19:01:23,993 ERROR Downloading (incomplete total...):  94%|#####################################7  | 51.8G/54.9G [3:20:46<19:12, 2.63MB/s]
2026-04-20 19:01:36,831 ERROR Downloading (incomplete total...):  94%|#####################################7  | 51.8G/54.9G [3:20:59<19:12, 2.63MB/s]
2026-04-20 19:02:17,801 ERROR Downloading (incomplete total...):  95%|#####################################8  | 52.0G/54.9G [3:21:40<18:46, 2.58MB/s]
2026-04-20 19:02:29,995 ERROR Downloading (incomplete total...):  95%|#####################################9  | 52.0G/54.9G [3:21:52<16:12, 2.91MB/s]
2026-04-20 19:02:35,991 ERROR Downloading (incomplete total...):  95%|#####################################9  | 52.1G/54.9G [3:21:58<13:02, 3.54MB/s]
2026-04-20 19:02:46,916 ERROR Downloading (incomplete total...):  95%|#####################################9  | 52.1G/54.9G [3:22:09<13:02, 3.54MB/s]
2026-04-20 19:03:10,192 ERROR Downloading (incomplete total...):  95%|######################################  | 52.2G/54.9G [3:22:33<15:18, 2.94MB/s]
2026-04-20 19:03:26,936 ERROR Downloading (incomplete total...):  95%|######################################  | 52.2G/54.9G [3:22:49<15:18, 2.94MB/s]
2026-04-20 19:03:34,995 ERROR Downloading (incomplete total...):  95%|######################################  | 52.2G/54.9G [3:22:57<15:16, 2.87MB/s]
2026-04-20 19:03:46,960 ERROR Downloading (incomplete total...):  95%|######################################  | 52.2G/54.9G [3:23:09<15:16, 2.87MB/s]
2026-04-20 19:04:02,993 ERROR Downloading (incomplete total...):  95%|######################################1 | 52.3G/54.9G [3:23:25<15:42, 2.72MB/s]
2026-04-20 19:04:16,984 ERROR Downloading (incomplete total...):  95%|######################################1 | 52.3G/54.9G [3:23:39<15:42, 2.72MB/s]
2026-04-20 19:04:42,399 ERROR Downloading (incomplete total...):  95%|######################################1 | 52.4G/54.9G [3:24:05<17:52, 2.33MB/s]
2026-04-20 19:04:57,039 ERROR Downloading (incomplete total...):  95%|######################################1 | 52.4G/54.9G [3:24:20<17:52, 2.33MB/s]
2026-04-20 19:05:30,399 ERROR Downloading (incomplete total...):  96%|######################################2 | 52.4G/54.9G [3:24:53<20:44, 1.95MB/s]
2026-04-20 19:05:30,399 ERROR Downloading (incomplete total...):  96%|######################################2 | 52.4G/54.9G [3:24:53<23:09, 1.75MB/s]
2026-04-20 19:05:47,069 ERROR Downloading (incomplete total...):  96%|######################################2 | 52.4G/54.9G [3:25:10<23:09, 1.75MB/s]
2026-04-20 19:05:48,203 ERROR Downloading (incomplete total...):  96%|######################################2 | 52.5G/54.9G [3:25:11<18:58, 2.08MB/s]
2026-04-20 19:06:00,396 ERROR Downloading (incomplete total...):  96%|######################################3 | 52.6G/54.9G [3:25:23<15:02, 2.54MB/s]
2026-04-20 19:06:17,102 ERROR Downloading (incomplete total...):  96%|######################################3 | 52.6G/54.9G [3:25:40<15:02, 2.54MB/s]
2026-04-20 19:06:49,402 ERROR Downloading (incomplete total...):  96%|######################################3 | 52.6G/54.9G [3:26:12<18:19, 2.03MB/s]
2026-04-20 19:07:07,132 ERROR Downloading (incomplete total...):  96%|######################################3 | 52.6G/54.9G [3:26:30<18:19, 2.03MB/s]
2026-04-20 19:07:43,196 ERROR Downloading (incomplete total...):  96%|######################################4 | 52.8G/54.9G [3:27:06<15:44, 2.22MB/s]
2026-04-20 19:07:43,400 ERROR Downloading (incomplete total...):  97%|######################################6 | 53.0G/54.9G [3:27:06<05:57, 5.12MB/s]
2026-04-20 19:07:57,181 ERROR Downloading (incomplete total...):  97%|######################################7 | 53.1G/54.9G [3:27:20<05:44, 5.12MB/s]
2026-04-20 19:07:57,197 ERROR Downloading (incomplete total...):  97%|######################################7 | 53.1G/54.9G [3:27:20<05:47, 5.07MB/s]
2026-04-20 19:08:17,201 ERROR Downloading (incomplete total...):  97%|######################################7 | 53.1G/54.9G [3:27:40<05:47, 5.07MB/s]
2026-04-20 19:08:51,202 ERROR Downloading (incomplete total...):  97%|######################################8 | 53.2G/54.9G [3:28:14<07:09, 3.79MB/s]
2026-04-20 19:08:51,396 ERROR Downloading (incomplete total...):  97%|######################################8 | 53.3G/54.9G [3:28:14<05:34, 4.65MB/s]
2026-04-20 19:09:01,006 ERROR Downloading (incomplete total...):  97%|######################################9 | 53.4G/54.9G [3:28:23<04:57, 5.01MB/s]
2026-04-20 19:09:17,231 ERROR Downloading (incomplete total...):  97%|######################################9 | 53.4G/54.9G [3:28:40<04:57, 5.01MB/s]
2026-04-20 19:09:49,999 ERROR Downloading (incomplete total...):  97%|######################################9 | 53.4G/54.9G [3:29:12<07:40, 3.09MB/s]
2026-04-20 19:09:52,998 ERROR Downloading (incomplete total...):  98%|####################################### | 53.5G/54.9G [3:29:15<05:44, 3.94MB/s]
2026-04-20 19:09:53,598 ERROR Downloading (incomplete total...):  98%|####################################### | 53.6G/54.9G [3:29:16<04:04, 5.28MB/s]
2026-04-20 19:10:07,273 ERROR Downloading (incomplete total...):  98%|####################################### | 53.6G/54.9G [3:29:30<04:04, 5.28MB/s]
2026-04-20 19:10:48,401 ERROR Downloading (incomplete total...):  98%|#######################################1| 53.6G/54.9G [3:30:11<07:21, 2.77MB/s]
2026-04-20 19:10:54,009 ERROR Downloading (incomplete total...):  98%|#######################################1| 53.8G/54.9G [3:30:16<04:09, 4.41MB/s]
2026-04-20 19:10:54,013 ERROR Fetching 12 files:  83%|#################################################1         | 10/12 [3:30:16<38:46, 1163.50s/it]
2026-04-20 19:10:54,013 ERROR [A
2026-04-20 19:11:07,331 ERROR Downloading (incomplete total...):  98%|#######################################1| 53.8G/54.9G [3:30:30<04:09, 4.41MB/s]
2026-04-20 20:18:50,441 ERROR Downloading (incomplete total...):  98%|#####################################2| 53.8G/54.9G [4:38:13<5:03:30, 58.5kB/s]
2026-04-20 20:19:00,720 ERROR Downloading (incomplete total...):  98%|#####################################2| 53.8G/54.9G [4:38:23<5:03:30, 58.5kB/s]
2026-04-20 20:19:21,042 ERROR Downloading (incomplete total...):  98%|#####################################3| 53.9G/54.9G [4:38:44<3:25:44, 80.9kB/s]
2026-04-20 20:19:40,743 ERROR Downloading (incomplete total...):  98%|#####################################3| 53.9G/54.9G [4:39:03<3:25:44, 80.9kB/s]
2026-04-20 20:20:20,034 ERROR Downloading (incomplete total...):  99%|######################################4| 54.1G/54.9G [4:39:43<1:16:10, 174kB/s]
2026-04-20 20:20:30,783 ERROR Downloading (incomplete total...):  99%|######################################4| 54.1G/54.9G [4:39:53<1:16:10, 174kB/s]
2026-04-20 20:20:37,031 ERROR Downloading (incomplete total...):  99%|########################################7| 54.5G/54.9G [4:40:00<14:50, 443kB/s]
2026-04-20 20:20:37,236 ERROR Downloading (incomplete total...): 100%|#########################################| 54.9G/54.9G [4:40:00<00:00, 821kB/s]
2026-04-20 20:20:37,239 ERROR Fetching 12 files:  92%|######################################################     | 11/12 [4:40:00<30:18, 1818.37s/it]
2026-04-20 20:20:37,239 ERROR [A
2026-04-20 20:20:37,240 ERROR Fetching 12 files: 100%|###########################################################| 12/12 [4:40:00<00:00, 1400.02s/it]
2026-04-20 20:20:37,241 ERROR Download complete: 100%|#########################################################| 54.9G/54.9G [4:40:00<00:00, 821kB/s]
2026-04-20 20:20:37,297 ERROR Download complete: 100%|########################################################| 54.9G/54.9G [4:40:00<00:00, 3.27MB/s]
2026-04-20 20:20:37,616 ERROR Loading weights:   0%|                                                                                                                                                                  | 0/1247 [00:00<?, ?it/s]
2026-04-20 20:20:39,117 ERROR Loading weights:   0%|1                                                                                                                                                         | 1/1247 [00:01<31:10,  1.50s/it]
2026-04-20 20:20:39,276 ERROR Loading weights:   0%|3                                                                                                                                                         | 3/1247 [00:01<09:17,  2.23it/s]
2026-04-20 20:20:39,400 ERROR Loading weights:   0%|6                                                                                                                                                         | 5/1247 [00:01<05:09,  4.01it/s]
2026-04-20 20:20:39,557 ERROR Loading weights:   1%|#9                                                                                                                                                       | 16/1247 [00:01<01:15, 16.41it/s]
2026-04-20 20:20:39,744 ERROR Loading weights:   2%|##4                                                                                                                                                      | 20/1247 [00:02<01:09, 17.60it/s]
2026-04-20 20:20:39,902 ERROR Loading weights:   2%|###5                                                                                                                                                     | 29/1247 [00:02<00:45, 26.53it/s]
2026-04-20 20:20:40,149 ERROR Loading weights:   3%|####                                                                                                                                                     | 33/1247 [00:02<00:52, 23.05it/s]
2026-04-20 20:20:40,346 ERROR Loading weights:   3%|#####1                                                                                                                                                   | 42/1247 [00:02<00:41, 29.29it/s]
2026-04-20 20:20:40,595 ERROR Loading weights:   4%|#####6                                                                                                                                                   | 46/1247 [00:02<00:48, 24.90it/s]
2026-04-20 20:20:40,789 ERROR Loading weights:   4%|######7                                                                                                                                                  | 55/1247 [00:03<00:38, 30.70it/s]
2026-04-20 20:20:41,034 ERROR Loading weights:   5%|#######2                                                                                                                                                 | 59/1247 [00:03<00:45, 25.99it/s]
2026-04-20 20:20:41,208 ERROR Loading weights:   5%|########3                                                                                                                                                | 68/1247 [00:03<00:36, 32.44it/s]
2026-04-20 20:20:41,331 ERROR Loading weights:   6%|########8                                                                                                                                                | 72/1247 [00:03<00:36, 32.43it/s]
2026-04-20 20:20:41,489 ERROR Loading weights:   7%|##########                                                                                                                                               | 82/1247 [00:03<00:28, 40.75it/s]
2026-04-20 20:20:41,661 ERROR Loading weights:   8%|###########5                                                                                                                                             | 94/1247 [00:04<00:23, 49.32it/s]
2026-04-20 20:20:41,783 ERROR Loading weights:   8%|############1                                                                                                                                           | 100/1247 [00:04<00:23, 49.31it/s]
2026-04-20 20:20:41,942 ERROR Loading weights:   9%|#############1                                                                                                                                          | 108/1247 [00:04<00:22, 49.63it/s]
2026-04-20 20:20:42,100 ERROR Loading weights:  10%|##############6                                                                                                                                         | 120/1247 [00:04<00:19, 57.46it/s]
2026-04-20 20:20:42,223 ERROR Loading weights:  10%|###############3                                                                                                                                        | 126/1247 [00:04<00:20, 55.32it/s]
2026-04-20 20:20:42,381 ERROR Loading weights:  11%|################2                                                                                                                                       | 133/1247 [00:04<00:21, 51.84it/s]
2026-04-20 20:20:42,624 ERROR Loading weights:  11%|################9                                                                                                                                       | 139/1247 [00:05<00:27, 40.75it/s]
2026-04-20 20:20:42,821 ERROR Loading weights:  12%|#################7                                                                                                                                      | 146/1247 [00:05<00:28, 39.10it/s]
2026-04-20 20:20:43,069 ERROR Loading weights:  12%|##################4                                                                                                                                     | 151/1247 [00:05<00:34, 32.20it/s]
2026-04-20 20:20:43,263 ERROR Loading weights:  13%|###################3                                                                                                                                    | 159/1247 [00:05<00:31, 34.76it/s]
2026-04-20 20:20:43,517 ERROR Loading weights:  13%|###################8                                                                                                                                    | 163/1247 [00:05<00:38, 28.07it/s]
2026-04-20 20:20:43,729 ERROR Loading weights:  14%|####################9                                                                                                                                   | 172/1247 [00:06<00:33, 32.36it/s]
2026-04-20 20:20:43,974 ERROR Loading weights:  14%|#####################4                                                                                                                                  | 176/1247 [00:06<00:39, 27.07it/s]
2026-04-20 20:20:44,171 ERROR Loading weights:  15%|######################5                                                                                                                                 | 185/1247 [00:06<00:32, 32.19it/s]
2026-04-20 20:20:44,439 ERROR Loading weights:  15%|#######################                                                                                                                                 | 189/1247 [00:06<00:40, 26.18it/s]
2026-04-20 20:20:44,655 ERROR Loading weights:  16%|########################1                                                                                                                               | 198/1247 [00:07<00:34, 30.59it/s]
2026-04-20 20:20:44,928 ERROR Loading weights:  16%|########################6                                                                                                                               | 202/1247 [00:07<00:41, 25.20it/s]
2026-04-20 20:20:45,147 ERROR Loading weights:  17%|#########################7                                                                                                                              | 211/1247 [00:07<00:34, 29.65it/s]
2026-04-20 20:20:45,418 ERROR Loading weights:  17%|##########################2                                                                                                                             | 215/1247 [00:07<00:41, 24.70it/s]
2026-04-20 20:20:45,639 ERROR Loading weights:  18%|###########################3                                                                                                                            | 224/1247 [00:08<00:35, 29.17it/s]
2026-04-20 20:20:45,869 ERROR Loading weights:  18%|###########################7                                                                                                                            | 228/1247 [00:08<00:39, 25.73it/s]
2026-04-20 20:20:45,992 ERROR Loading weights:  19%|############################8                                                                                                                           | 237/1247 [00:08<00:29, 34.39it/s]
2026-04-20 20:20:46,128 ERROR Loading weights:  19%|#############################4                                                                                                                          | 242/1247 [00:08<00:28, 34.93it/s]
2026-04-20 20:20:46,290 ERROR Loading weights:  20%|##############################4                                                                                                                         | 250/1247 [00:08<00:25, 38.90it/s]
2026-04-20 20:20:46,475 ERROR Loading weights:  20%|###############################                                                                                                                         | 255/1247 [00:08<00:28, 35.22it/s]
2026-04-20 20:20:46,633 ERROR Loading weights:  21%|################################                                                                                                                        | 263/1247 [00:09<00:24, 39.46it/s]
2026-04-20 20:20:46,883 ERROR Loading weights:  21%|################################6                                                                                                                       | 268/1247 [00:09<00:30, 32.02it/s]
2026-04-20 20:20:47,087 ERROR Loading weights:  22%|#################################6                                                                                                                      | 276/1247 [00:09<00:28, 34.23it/s]
2026-04-20 20:20:47,337 ERROR Loading weights:  22%|##################################1                                                                                                                     | 280/1247 [00:09<00:34, 27.81it/s]
2026-04-20 20:20:47,536 ERROR Loading weights:  23%|###################################2                                                                                                                    | 289/1247 [00:09<00:29, 32.80it/s]
2026-04-20 20:20:47,780 ERROR Loading weights:  23%|###################################7                                                                                                                    | 293/1247 [00:10<00:34, 27.33it/s]
2026-04-20 20:20:47,995 ERROR Loading weights:  24%|####################################8                                                                                                                   | 302/1247 [00:10<00:29, 31.63it/s]
2026-04-20 20:20:48,267 ERROR Loading weights:  25%|#####################################2                                                                                                                  | 306/1247 [00:10<00:36, 25.75it/s]
2026-04-20 20:20:48,480 ERROR Loading weights:  25%|######################################3                                                                                                                 | 315/1247 [00:10<00:30, 30.36it/s]
2026-04-20 20:20:48,722 ERROR Loading weights:  26%|######################################8                                                                                                                 | 319/1247 [00:11<00:35, 26.05it/s]
2026-04-20 20:20:48,899 ERROR Loading weights:  26%|#######################################9                                                                                                                | 328/1247 [00:11<00:28, 32.12it/s]
2026-04-20 20:20:49,107 ERROR Loading weights:  27%|########################################4                                                                                                               | 332/1247 [00:11<00:32, 28.35it/s]
2026-04-20 20:20:49,292 ERROR Loading weights:  27%|#########################################5                                                                                                              | 341/1247 [00:11<00:26, 33.88it/s]
2026-04-20 20:20:49,563 ERROR Loading weights:  28%|##########################################                                                                                                              | 345/1247 [00:11<00:33, 26.96it/s]
2026-04-20 20:20:49,786 ERROR Loading weights:  28%|###########################################1                                                                                                            | 354/1247 [00:12<00:28, 30.93it/s]
2026-04-20 20:20:50,053 ERROR Loading weights:  29%|###########################################6                                                                                                            | 358/1247 [00:12<00:34, 25.56it/s]
2026-04-20 20:20:50,269 ERROR Loading weights:  29%|############################################7                                                                                                           | 367/1247 [00:12<00:29, 30.09it/s]
2026-04-20 20:20:50,531 ERROR Loading weights:  30%|#############################################2                                                                                                          | 371/1247 [00:12<00:34, 25.24it/s]
2026-04-20 20:20:50,745 ERROR Loading weights:  30%|##############################################3                                                                                                         | 380/1247 [00:13<00:29, 29.87it/s]
2026-04-20 20:20:51,020 ERROR Loading weights:  31%|##############################################8                                                                                                         | 384/1247 [00:13<00:34, 24.71it/s]
2026-04-20 20:20:51,235 ERROR Loading weights:  32%|###############################################9                                                                                                        | 393/1247 [00:13<00:29, 29.42it/s]
2026-04-20 20:20:51,501 ERROR Loading weights:  32%|################################################3                                                                                                       | 397/1247 [00:13<00:34, 24.72it/s]
2026-04-20 20:20:51,717 ERROR Loading weights:  33%|#################################################4                                                                                                      | 406/1247 [00:14<00:28, 29.38it/s]
2026-04-20 20:20:51,983 ERROR Loading weights:  33%|#################################################9                                                                                                      | 410/1247 [00:14<00:33, 24.71it/s]
2026-04-20 20:20:52,209 ERROR Loading weights:  34%|###################################################                                                                                                     | 419/1247 [00:14<00:28, 29.00it/s]
2026-04-20 20:20:52,482 ERROR Loading weights:  34%|###################################################5                                                                                                    | 423/1247 [00:14<00:33, 24.27it/s]
2026-04-20 20:20:52,702 ERROR Loading weights:  35%|####################################################6                                                                                                   | 432/1247 [00:15<00:28, 28.84it/s]
2026-04-20 20:20:52,977 ERROR Loading weights:  35%|#####################################################1                                                                                                  | 436/1247 [00:15<00:33, 24.15it/s]
2026-04-20 20:20:53,206 ERROR Loading weights:  36%|######################################################2                                                                                                 | 445/1247 [00:15<00:28, 28.38it/s]
2026-04-20 20:20:53,483 ERROR Loading weights:  36%|######################################################6                                                                                                 | 448/1247 [00:15<00:35, 22.65it/s]
2026-04-20 20:20:53,714 ERROR Loading weights:  37%|#######################################################8                                                                                                | 458/1247 [00:16<00:27, 28.45it/s]
2026-04-20 20:20:53,996 ERROR Loading weights:  37%|########################################################1                                                                                               | 461/1247 [00:16<00:34, 22.60it/s]
2026-04-20 20:20:54,234 ERROR Loading weights:  38%|#########################################################4                                                                                              | 471/1247 [00:16<00:27, 28.10it/s]
2026-04-20 20:20:54,538 ERROR Loading weights:  38%|#########################################################7                                                                                              | 474/1247 [00:16<00:35, 21.88it/s]
2026-04-20 20:20:54,645 ERROR Loading weights:  39%|##########################################################7                                                                                             | 482/1247 [00:17<00:25, 29.64it/s]
2026-04-20 20:20:55,053 ERROR Loading weights:  39%|###########################################################2                                                                                            | 486/1247 [00:17<00:36, 20.82it/s]
2026-04-20 20:20:55,273 ERROR Loading weights:  40%|############################################################5                                                                                           | 497/1247 [00:17<00:26, 28.25it/s]
2026-04-20 20:20:55,539 ERROR Loading weights:  40%|#############################################################                                                                                           | 501/1247 [00:17<00:30, 24.22it/s]
2026-04-20 20:20:55,644 ERROR Loading weights:  41%|#############################################################9                                                                                          | 508/1247 [00:18<00:24, 30.45it/s]
2026-04-20 20:20:56,063 ERROR Loading weights:  41%|##############################################################5                                                                                         | 513/1247 [00:18<00:33, 22.02it/s]
2026-04-20 20:20:56,280 ERROR Loading weights:  42%|###############################################################7                                                                                        | 523/1247 [00:18<00:25, 28.10it/s]
2026-04-20 20:20:56,545 ERROR Loading weights:  42%|################################################################2                                                                                       | 527/1247 [00:18<00:29, 24.12it/s]
2026-04-20 20:20:56,766 ERROR Loading weights:  43%|#################################################################3                                                                                      | 536/1247 [00:19<00:24, 28.55it/s]
2026-04-20 20:20:57,052 ERROR Loading weights:  43%|#################################################################8                                                                                      | 540/1247 [00:19<00:29, 23.74it/s]
2026-04-20 20:20:57,280 ERROR Loading weights:  44%|##################################################################9                                                                                     | 549/1247 [00:19<00:24, 28.03it/s]
2026-04-20 20:20:57,559 ERROR Loading weights:  44%|###################################################################4                                                                                    | 553/1247 [00:19<00:29, 23.61it/s]
2026-04-20 20:20:57,947 ERROR Loading weights:  45%|####################################################################5                                                                                   | 562/1247 [00:20<00:29, 23.45it/s]
2026-04-20 20:20:58,255 ERROR Loading weights:  45%|####################################################################8                                                                                   | 565/1247 [00:20<00:35, 19.24it/s]
2026-04-20 20:20:58,486 ERROR Loading weights:  46%|######################################################################                                                                                  | 575/1247 [00:20<00:26, 25.20it/s]
2026-04-20 20:20:58,771 ERROR Loading weights:  46%|######################################################################4                                                                                 | 578/1247 [00:21<00:32, 20.73it/s]
2026-04-20 20:20:59,003 ERROR Loading weights:  47%|#######################################################################6                                                                                | 588/1247 [00:21<00:24, 26.58it/s]
2026-04-20 20:20:59,283 ERROR Loading weights:  47%|########################################################################                                                                                | 591/1247 [00:21<00:30, 21.65it/s]
2026-04-20 20:20:59,508 ERROR Loading weights:  48%|#########################################################################2                                                                              | 601/1247 [00:21<00:23, 27.65it/s]
2026-04-20 20:20:59,796 ERROR Loading weights:  48%|#########################################################################6                                                                              | 604/1247 [00:22<00:29, 22.05it/s]
2026-04-20 20:21:00,861 ERROR Loading weights:  49%|##########################################################################1                                                                             | 608/1247 [00:23<01:00, 10.50it/s]
2026-04-20 20:21:01,109 ERROR Loading weights:  49%|##########################################################################8                                                                             | 614/1247 [00:23<00:49, 12.87it/s]
2026-04-20 20:21:01,421 ERROR Loading weights:  49%|###########################################################################                                                                             | 616/1247 [00:23<00:55, 11.34it/s]
2026-04-20 20:21:01,665 ERROR Loading weights:  50%|############################################################################4                                                                           | 627/1247 [00:24<00:33, 18.42it/s]
2026-04-20 20:21:01,994 ERROR Loading weights:  51%|############################################################################7                                                                           | 630/1247 [00:24<00:39, 15.74it/s]
2026-04-20 20:21:02,105 ERROR Loading weights:  51%|#############################################################################6                                                                          | 637/1247 [00:24<00:28, 21.52it/s]
2026-04-20 20:21:02,441 ERROR Loading weights:  51%|##############################################################################1                                                                         | 641/1247 [00:24<00:33, 18.19it/s]
2026-04-20 20:21:02,598 ERROR Loading weights:  52%|##############################################################################4                                                                         | 644/1247 [00:24<00:32, 18.38it/s]
2026-04-20 20:21:02,699 ERROR Loading weights:  52%|###############################################################################4                                                                        | 652/1247 [00:25<00:21, 27.30it/s]
2026-04-20 20:21:03,189 ERROR Loading weights:  53%|################################################################################                                                                        | 657/1247 [00:25<00:31, 18.68it/s]
2026-04-20 20:21:03,296 ERROR Loading weights:  53%|################################################################################9                                                                       | 664/1247 [00:25<00:23, 25.02it/s]
2026-04-20 20:21:03,743 ERROR Loading weights:  54%|#################################################################################5                                                                      | 669/1247 [00:26<00:30, 18.83it/s]
2026-04-20 20:21:03,985 ERROR Loading weights:  54%|##################################################################################7                                                                     | 679/1247 [00:26<00:23, 24.63it/s]
2026-04-20 20:21:04,252 ERROR Loading weights:  55%|###################################################################################2                                                                    | 683/1247 [00:26<00:25, 21.83it/s]
2026-04-20 20:21:04,477 ERROR Loading weights:  55%|####################################################################################3                                                                   | 692/1247 [00:26<00:20, 26.53it/s]
2026-04-20 20:21:04,783 ERROR Loading weights:  56%|####################################################################################8                                                                   | 696/1247 [00:27<00:25, 22.04it/s]
2026-04-20 20:21:05,008 ERROR Loading weights:  57%|#####################################################################################9                                                                  | 705/1247 [00:27<00:20, 26.68it/s]
2026-04-20 20:21:05,298 ERROR Loading weights:  57%|######################################################################################4                                                                 | 709/1247 [00:27<00:23, 22.52it/s]
2026-04-20 20:21:05,535 ERROR Loading weights:  58%|#######################################################################################5                                                                | 718/1247 [00:27<00:19, 26.75it/s]
2026-04-20 20:21:05,917 ERROR Loading weights:  58%|#######################################################################################8                                                                | 721/1247 [00:28<00:27, 19.45it/s]
2026-04-20 20:21:06,025 ERROR Loading weights:  58%|########################################################################################8                                                               | 729/1247 [00:28<00:19, 26.83it/s]
2026-04-20 20:21:06,605 ERROR Loading weights:  59%|#########################################################################################3                                                              | 733/1247 [00:28<00:30, 16.69it/s]
2026-04-20 20:21:06,716 ERROR Loading weights:  60%|##########################################################################################4                                                             | 742/1247 [00:29<00:20, 24.53it/s]
2026-04-20 20:21:07,312 ERROR Loading weights:  60%|###########################################################################################                                                             | 747/1247 [00:29<00:29, 16.73it/s]
2026-04-20 20:21:07,429 ERROR Loading weights:  61%|############################################################################################                                                            | 755/1247 [00:29<00:21, 22.91it/s]
2026-04-20 20:21:09,941 ERROR Loading weights:  61%|############################################################################################6                                                           | 760/1247 [00:32<01:15,  6.47it/s]
2026-04-20 20:21:10,138 ERROR Loading weights:  62%|#############################################################################################8                                                          | 770/1247 [00:32<00:47, 10.05it/s]
2026-04-20 20:21:10,422 ERROR Loading weights:  62%|##############################################################################################3                                                         | 774/1247 [00:32<00:44, 10.63it/s]
2026-04-20 20:21:10,652 ERROR Loading weights:  63%|###############################################################################################4                                                        | 783/1247 [00:33<00:31, 14.67it/s]
2026-04-20 20:21:10,944 ERROR Loading weights:  63%|###############################################################################################9                                                        | 787/1247 [00:33<00:31, 14.47it/s]
2026-04-20 20:21:11,165 ERROR Loading weights:  64%|#################################################################################################                                                       | 796/1247 [00:33<00:23, 19.22it/s]
2026-04-20 20:21:11,458 ERROR Loading weights:  64%|#################################################################################################5                                                      | 800/1247 [00:33<00:25, 17.81it/s]
2026-04-20 20:21:11,558 ERROR Loading weights:  66%|###################################################################################################8                                                    | 819/1247 [00:33<00:11, 36.86it/s]
2026-04-20 20:21:11,663 ERROR Loading weights:  71%|##########################################################################################################9                                            | 883/1247 [00:34<00:03, 118.46it/s]
2026-04-20 20:21:11,764 ERROR Loading weights:  75%|#################################################################################################################9                                     | 941/1247 [00:34<00:01, 193.04it/s]
2026-04-20 20:21:11,865 ERROR Loading weights:  80%|########################################################################################################################9                              | 999/1247 [00:34<00:00, 265.58it/s]
2026-04-20 20:21:11,965 ERROR Loading weights:  85%|###############################################################################################################################8                      | 1063/1247 [00:34<00:00, 344.49it/s]
2026-04-20 20:21:12,068 ERROR Loading weights:  91%|########################################################################################################################################              | 1131/1247 [00:34<00:00, 419.39it/s]
2026-04-20 20:21:12,169 ERROR Loading weights:  95%|##############################################################################################################################################7       | 1187/1247 [00:34<00:00, 453.62it/s]
2026-04-20 20:21:12,269 ERROR Loading weights: 100%|#####################################################################################################################################################5| 1243/1247 [00:34<00:00, 480.91it/s]
2026-04-20 20:21:12,273 ERROR Loading weights: 100%|#######################################################################################################################################################| 1247/1247 [00:34<00:00, 35.98it/s]
2026-04-20 20:21:17,227 ERROR generation_config.json:   0%|                                                                                                                                                          | 0.00/215 [00:00<?, ?B/s]
2026-04-20 20:21:17,227 ERROR generation_config.json: 100%|###################################################################################################################################################| 215/215 [00:00<00:00, 1.04MB/s]
2026-04-20 20:21:17,852 INFO   Model loaded in 16841s. VRAM used: 19.1 GB
2026-04-20 20:21:17,855 ERROR Traceback (most recent call last):
2026-04-20 20:21:17,856 ERROR   File "C:\Users\hac23\PycharmProjects\Veridict\scripts\run_training_sequence.py", line 215, in train_one_with_retries
2026-04-20 20:21:17,856 ERROR     return _train_attempt(name, dataset, reward_fn, output_dir, tokenizer, num_gen)
2026-04-20 20:21:17,856 ERROR   File "C:\Users\hac23\PycharmProjects\Veridict\scripts\run_training_sequence.py", line 151, in _train_attempt
2026-04-20 20:21:17,856 ERROR     config = get_grpo_config(output_dir, num_generations=num_generations)
2026-04-20 20:21:17,856 ERROR   File "C:\Users\hac23\PycharmProjects\Veridict\scripts\train_shared.py", line 433, in get_grpo_config
2026-04-20 20:21:17,857 ERROR     return GRPOConfig(
2026-04-20 20:21:17,857 ERROR         output_dir=str(output_dir),
2026-04-20 20:21:17,857 ERROR     ...<19 lines>...
2026-04-20 20:21:17,857 ERROR         top_p=0.95,
2026-04-20 20:21:17,857 ERROR     )
2026-04-20 20:21:17,857 ERROR TypeError: GRPOConfig.__init__() got an unexpected keyword argument 'max_prompt_length'
2026-04-21 12:39:30,563 INFO [HARVEY] Marked failed; continuing to next model.
2026-04-21 12:39:30,564 INFO ############################################################
2026-04-21 12:39:30,564 INFO   TRAINING: KIRA  (num_generations=4)
2026-04-21 12:39:30,565 INFO   Examples: 4,000
2026-04-21 12:39:30,565 INFO   Output:   C:\Users\hac23\PycharmProjects\Veridict\outputs\kira_adapter
2026-04-21 12:39:30,565 INFO ############################################################
2026-04-21 12:39:30,569 INFO   Loading google/gemma-3-27b-it in 4-bit NF4 ...
2026-04-21 12:39:31,254 INFO   SDPA attention failed (Some modules are dispatched on the CPU or the disk. Make sure you have enough GPU RAM to fit the quantized model. If you want to dispatch the model on the CPU or the disk while keeping these modules in 32-bit, you need to set `llm_int8_enable_fp32_cpu_offload=True` and pass a custom `device_map` to `from_pretrained`. Check https://huggingface.co/docs/transformers/main/en/main_classes/quantization#offload-between-cpu-and-gpu for more details. ); falling back to eager attention.
2026-04-21 12:39:31,765 ERROR Traceback (most recent call last):
2026-04-21 12:39:31,766 ERROR   File "C:\Users\hac23\PycharmProjects\Veridict\scripts\train_shared.py", line 461, in load_base_model
2026-04-21 12:39:31,766 ERROR     model = AutoModelForCausalLM.from_pretrained(
2026-04-21 12:39:31,766 ERROR         model_id,
2026-04-21 12:39:31,766 ERROR     ...<4 lines>...
2026-04-21 12:39:31,766 ERROR         attn_implementation="sdpa",
2026-04-21 12:39:31,766 ERROR     )
2026-04-21 12:39:31,766 ERROR   File "C:\Users\hac23\PycharmProjects\Veridict\.venv\Lib\site-packages\transformers\models\auto\auto_factory.py", line 387, in from_pretrained
2026-04-21 12:39:31,766 ERROR     return model_class.from_pretrained(
2026-04-21 12:39:31,766 ERROR            ~~~~~~~~~~~~~~~~~~~~~~~~~~~^
2026-04-21 12:39:31,766 ERROR         pretrained_model_name_or_path, *model_args, config=config, **hub_kwargs, **kwargs
2026-04-21 12:39:31,766 ERROR         ^^^^^^^^^^^^^^^^^^^^^^^^^^^^^^^^^^^^^^^^^^^^^^^^^^^^^^^^^^^^^^^^^^^^^^^^^^^^^^^^^
2026-04-21 12:39:31,766 ERROR     )
2026-04-21 12:39:31,766 ERROR     ^
2026-04-21 12:39:31,766 ERROR   File "C:\Users\hac23\PycharmProjects\Veridict\.venv\Lib\site-packages\transformers\modeling_utils.py", line 4116, in from_pretrained
2026-04-21 12:39:31,766 ERROR     device_map = _get_device_map(model, device_map, max_memory, hf_quantizer)
2026-04-21 12:39:31,766 ERROR   File "C:\Users\hac23\PycharmProjects\Veridict\.venv\Lib\site-packages\transformers\integrations\accelerate.py", line 373, in _get_device_map
2026-04-21 12:39:31,766 ERROR     hf_quantizer.validate_environment(device_map=device_map)
2026-04-21 12:39:31,767 ERROR     ~~~~~~~~~~~~~~~~~~~~~~~~~~~~~~~~~^^^^^^^^^^^^^^^^^^^^^^^
2026-04-21 12:39:31,767 ERROR   File "C:\Users\hac23\PycharmProjects\Veridict\.venv\Lib\site-packages\transformers\quantizers\quantizer_bnb_4bit.py", line 74, in validate_environment
2026-04-21 12:39:31,767 ERROR     raise ValueError(
2026-04-21 12:39:31,767 ERROR     ...<6 lines>...
2026-04-21 12:39:31,767 ERROR     )
2026-04-21 12:39:31,767 ERROR ValueError: Some modules are dispatched on the CPU or the disk. Make sure you have enough GPU RAM to fit the quantized model. If you want to dispatch the model on the CPU or the disk while keeping these modules in 32-bit, you need to set `llm_int8_enable_fp32_cpu_offload=True` and pass a custom `device_map` to `from_pretrained`. Check https://huggingface.co/docs/transformers/main/en/main_classes/quantization#offload-between-cpu-and-gpu for more details. 
2026-04-21 12:39:31,767 ERROR During handling of the above exception, another exception occurred:
2026-04-21 12:39:31,767 ERROR Traceback (most recent call last):
2026-04-21 12:39:31,767 ERROR   File "C:\Users\hac23\PycharmProjects\Veridict\scripts\run_training_sequence.py", line 215, in train_one_with_retries
2026-04-21 12:39:31,767 ERROR     return _train_attempt(name, dataset, reward_fn, output_dir, tokenizer, num_gen)
2026-04-21 12:39:31,767 ERROR   File "C:\Users\hac23\PycharmProjects\Veridict\scripts\run_training_sequence.py", line 147, in _train_attempt
2026-04-21 12:39:31,767 ERROR     model = load_base_model(HF_MODEL_ID)
2026-04-21 12:39:31,767 ERROR   File "C:\Users\hac23\PycharmProjects\Veridict\scripts\train_shared.py", line 471, in load_base_model
2026-04-21 12:39:31,767 ERROR     model = AutoModelForCausalLM.from_pretrained(
2026-04-21 12:39:31,767 ERROR         model_id,
2026-04-21 12:39:31,767 ERROR     ...<4 lines>...
2026-04-21 12:39:31,767 ERROR         attn_implementation="eager",
2026-04-21 12:39:31,767 ERROR     )
2026-04-21 12:39:31,767 ERROR   File "C:\Users\hac23\PycharmProjects\Veridict\.venv\Lib\site-packages\transformers\models\auto\auto_factory.py", line 387, in from_pretrained
2026-04-21 12:39:31,767 ERROR     return model_class.from_pretrained(
2026-04-21 12:39:31,767 ERROR            ~~~~~~~~~~~~~~~~~~~~~~~~~~~^
2026-04-21 12:39:31,767 ERROR         pretrained_model_name_or_path, *model_args, config=config, **hub_kwargs, **kwargs
2026-04-21 12:39:31,767 ERROR         ^^^^^^^^^^^^^^^^^^^^^^^^^^^^^^^^^^^^^^^^^^^^^^^^^^^^^^^^^^^^^^^^^^^^^^^^^^^^^^^^^
2026-04-21 12:39:31,767 ERROR     )
2026-04-21 12:39:31,768 ERROR     ^
2026-04-21 12:39:31,768 ERROR   File "C:\Users\hac23\PycharmProjects\Veridict\.venv\Lib\site-packages\transformers\modeling_utils.py", line 4116, in from_pretrained
2026-04-21 12:39:31,768 ERROR     device_map = _get_device_map(model, device_map, max_memory, hf_quantizer)
2026-04-21 12:39:31,768 ERROR   File "C:\Users\hac23\PycharmProjects\Veridict\.venv\Lib\site-packages\transformers\integrations\accelerate.py", line 373, in _get_device_map
2026-04-21 12:39:31,768 ERROR     hf_quantizer.validate_environment(device_map=device_map)
2026-04-21 12:39:31,768 ERROR     ~~~~~~~~~~~~~~~~~~~~~~~~~~~~~~~~~^^^^^^^^^^^^^^^^^^^^^^^
2026-04-21 12:39:31,768 ERROR   File "C:\Users\hac23\PycharmProjects\Veridict\.venv\Lib\site-packages\transformers\quantizers\quantizer_bnb_4bit.py", line 74, in validate_environment
2026-04-21 12:39:31,768 ERROR     raise ValueError(
2026-04-21 12:39:31,768 ERROR     ...<6 lines>...
2026-04-21 12:39:31,768 ERROR     )
2026-04-21 12:39:31,768 ERROR ValueError: Some modules are dispatched on the CPU or the disk. Make sure you have enough GPU RAM to fit the quantized model. If you want to dispatch the model on the CPU or the disk while keeping these modules in 32-bit, you need to set `llm_int8_enable_fp32_cpu_offload=True` and pass a custom `device_map` to `from_pretrained`. Check https://huggingface.co/docs/transformers/main/en/main_classes/quantization#offload-between-cpu-and-gpu for more details. 
2026-04-21 12:39:35,091 INFO [KIRA] Marked failed; continuing to next model.
2026-04-21 12:39:35,091 INFO ############################################################
2026-04-21 12:39:35,092 INFO   TRAINING: ADMIN  (num_generations=4)
2026-04-21 12:39:35,092 INFO   Examples: 8,002
2026-04-21 12:39:35,092 INFO   Output:   C:\Users\hac23\PycharmProjects\Veridict\outputs\admin_adapter
2026-04-21 12:39:35,092 INFO ############################################################
2026-04-21 12:39:35,094 INFO   Loading google/gemma-3-27b-it in 4-bit NF4 ...
2026-04-21 12:39:35,607 INFO   SDPA attention failed (Some modules are dispatched on the CPU or the disk. Make sure you have enough GPU RAM to fit the quantized model. If you want to dispatch the model on the CPU or the disk while keeping these modules in 32-bit, you need to set `llm_int8_enable_fp32_cpu_offload=True` and pass a custom `device_map` to `from_pretrained`. Check https://huggingface.co/docs/transformers/main/en/main_classes/quantization#offload-between-cpu-and-gpu for more details. ); falling back to eager attention.
2026-04-21 12:39:36,087 ERROR Traceback (most recent call last):
2026-04-21 12:39:36,087 ERROR   File "C:\Users\hac23\PycharmProjects\Veridict\scripts\train_shared.py", line 461, in load_base_model
2026-04-21 12:39:36,088 ERROR     model = AutoModelForCausalLM.from_pretrained(
2026-04-21 12:39:36,088 ERROR         model_id,
2026-04-21 12:39:36,088 ERROR     ...<4 lines>...
2026-04-21 12:39:36,088 ERROR         attn_implementation="sdpa",
2026-04-21 12:39:36,088 ERROR     )
2026-04-21 12:39:36,088 ERROR   File "C:\Users\hac23\PycharmProjects\Veridict\.venv\Lib\site-packages\transformers\models\auto\auto_factory.py", line 387, in from_pretrained
2026-04-21 12:39:36,088 ERROR     return model_class.from_pretrained(
2026-04-21 12:39:36,088 ERROR            ~~~~~~~~~~~~~~~~~~~~~~~~~~~^
2026-04-21 12:39:36,088 ERROR         pretrained_model_name_or_path, *model_args, config=config, **hub_kwargs, **kwargs
2026-04-21 12:39:36,088 ERROR         ^^^^^^^^^^^^^^^^^^^^^^^^^^^^^^^^^^^^^^^^^^^^^^^^^^^^^^^^^^^^^^^^^^^^^^^^^^^^^^^^^
2026-04-21 12:39:36,088 ERROR     )
2026-04-21 12:39:36,088 ERROR     ^
2026-04-21 12:39:36,088 ERROR   File "C:\Users\hac23\PycharmProjects\Veridict\.venv\Lib\site-packages\transformers\modeling_utils.py", line 4116, in from_pretrained
2026-04-21 12:39:36,088 ERROR     device_map = _get_device_map(model, device_map, max_memory, hf_quantizer)
2026-04-21 12:39:36,088 ERROR   File "C:\Users\hac23\PycharmProjects\Veridict\.venv\Lib\site-packages\transformers\integrations\accelerate.py", line 373, in _get_device_map
2026-04-21 12:39:36,088 ERROR     hf_quantizer.validate_environment(device_map=device_map)
2026-04-21 12:39:36,088 ERROR     ~~~~~~~~~~~~~~~~~~~~~~~~~~~~~~~~~^^^^^^^^^^^^^^^^^^^^^^^
2026-04-21 12:39:36,088 ERROR   File "C:\Users\hac23\PycharmProjects\Veridict\.venv\Lib\site-packages\transformers\quantizers\quantizer_bnb_4bit.py", line 74, in validate_environment
2026-04-21 12:39:36,088 ERROR     raise ValueError(
2026-04-21 12:39:36,088 ERROR     ...<6 lines>...
2026-04-21 12:39:36,088 ERROR     )
2026-04-21 12:39:36,089 ERROR ValueError: Some modules are dispatched on the CPU or the disk. Make sure you have enough GPU RAM to fit the quantized model. If you want to dispatch the model on the CPU or the disk while keeping these modules in 32-bit, you need to set `llm_int8_enable_fp32_cpu_offload=True` and pass a custom `device_map` to `from_pretrained`. Check https://huggingface.co/docs/transformers/main/en/main_classes/quantization#offload-between-cpu-and-gpu for more details. 
2026-04-21 12:39:36,089 ERROR During handling of the above exception, another exception occurred:
2026-04-21 12:39:36,089 ERROR Traceback (most recent call last):
2026-04-21 12:39:36,089 ERROR   File "C:\Users\hac23\PycharmProjects\Veridict\scripts\run_training_sequence.py", line 215, in train_one_with_retries
2026-04-21 12:39:36,089 ERROR     return _train_attempt(name, dataset, reward_fn, output_dir, tokenizer, num_gen)
2026-04-21 12:39:36,089 ERROR   File "C:\Users\hac23\PycharmProjects\Veridict\scripts\run_training_sequence.py", line 147, in _train_attempt
2026-04-21 12:39:36,089 ERROR     model = load_base_model(HF_MODEL_ID)
2026-04-21 12:39:36,089 ERROR   File "C:\Users\hac23\PycharmProjects\Veridict\scripts\train_shared.py", line 471, in load_base_model
2026-04-21 12:39:36,089 ERROR     model = AutoModelForCausalLM.from_pretrained(
2026-04-21 12:39:36,089 ERROR         model_id,
2026-04-21 12:39:36,090 ERROR     ...<4 lines>...
2026-04-21 12:39:36,090 ERROR         attn_implementation="eager",
2026-04-21 12:39:36,090 ERROR     )
2026-04-21 12:39:36,090 ERROR   File "C:\Users\hac23\PycharmProjects\Veridict\.venv\Lib\site-packages\transformers\models\auto\auto_factory.py", line 387, in from_pretrained
2026-04-21 12:39:36,090 ERROR     return model_class.from_pretrained(
2026-04-21 12:39:36,090 ERROR            ~~~~~~~~~~~~~~~~~~~~~~~~~~~^
2026-04-21 12:39:36,090 ERROR         pretrained_model_name_or_path, *model_args, config=config, **hub_kwargs, **kwargs
2026-04-21 12:39:36,090 ERROR         ^^^^^^^^^^^^^^^^^^^^^^^^^^^^^^^^^^^^^^^^^^^^^^^^^^^^^^^^^^^^^^^^^^^^^^^^^^^^^^^^^
2026-04-21 12:39:36,090 ERROR     )
2026-04-21 12:39:36,090 ERROR     ^
2026-04-21 12:39:36,090 ERROR   File "C:\Users\hac23\PycharmProjects\Veridict\.venv\Lib\site-packages\transformers\modeling_utils.py", line 4116, in from_pretrained
2026-04-21 12:39:36,090 ERROR     device_map = _get_device_map(model, device_map, max_memory, hf_quantizer)
2026-04-21 12:39:36,090 ERROR   File "C:\Users\hac23\PycharmProjects\Veridict\.venv\Lib\site-packages\transformers\integrations\accelerate.py", line 373, in _get_device_map
2026-04-21 12:39:36,090 ERROR     hf_quantizer.validate_environment(device_map=device_map)
2026-04-21 12:39:36,090 ERROR     ~~~~~~~~~~~~~~~~~~~~~~~~~~~~~~~~~^^^^^^^^^^^^^^^^^^^^^^^
2026-04-21 12:39:36,090 ERROR   File "C:\Users\hac23\PycharmProjects\Veridict\.venv\Lib\site-packages\transformers\quantizers\quantizer_bnb_4bit.py", line 74, in validate_environment
2026-04-21 12:39:36,090 ERROR     raise ValueError(
2026-04-21 12:39:36,090 ERROR     ...<6 lines>...
2026-04-21 12:39:36,090 ERROR     )
2026-04-21 12:39:36,090 ERROR ValueError: Some modules are dispatched on the CPU or the disk. Make sure you have enough GPU RAM to fit the quantized model. If you want to dispatch the model on the CPU or the disk while keeping these modules in 32-bit, you need to set `llm_int8_enable_fp32_cpu_offload=True` and pass a custom `device_map` to `from_pretrained`. Check https://huggingface.co/docs/transformers/main/en/main_classes/quantization#offload-between-cpu-and-gpu for more details. 
2026-04-21 12:39:37,538 INFO [ADMIN] Marked failed; continuing to next model.
2026-04-21 12:39:37,539 INFO ============================================================
2026-04-21 12:39:37,539 INFO TRAINING SEQUENCE COMPLETE — SUMMARY
2026-04-21 12:39:37,539 INFO ============================================================
2026-04-21 12:39:37,540 INFO Model        JSON Valid   Issue Type     Severity     Status
2026-04-21 12:39:37,540 INFO ---------- ------------ ------------ ------------ ----------
2026-04-21 12:39:37,540 INFO HARVEY                -            -            -      ERROR
2026-04-21 12:39:37,540 INFO KIRA                  -            -            -      ERROR
2026-04-21 12:39:37,540 INFO ADMIN                 -            -            -      ERROR
2026-04-21 12:39:37,541 INFO Report written to C:\Users\hac23\PycharmProjects\Veridict\outputs\TRAINING_REPORT.md
2026-04-21 12:39:39,825 INFO Total wall-clock: 1259.7 min
2026-04-21 12:39:39,825 INFO Report: C:\Users\hac23\PycharmProjects\Veridict\outputs\TRAINING_REPORT.md
